{"likelihoodModel":["betaBernoulli","betaBernoulli","betaBernoulli","betaBernoulli","betaBernoulli","betaBernoulli","betaBernoulli","betaBernoulli","betaBernoulli","betaBernoulli","betaBernoulli","betaBernoulli","betaBernoulli","betaBernoulli","betaBernoulli","betaBernoulli","betaBernoulli","betaBernoulli","betaBernoulli","betaBernoulli","betaBernoulli","betaBernoulli","betaBernoulli","betaBernoulli","betaBernoulli","betaBernoulli","betaBernoulli","betaBernoulli","betaBernoulli","betaBernoulli","betaBernoulli","betaBernoulli","betaBernoulli","betaBernoulli","betaBernoulli","betaBernoulli","betaBernoulli","betaBernoulli","betaBernoulli","betaBernoulli","betaBernoulli","betaBernoulli","betaBernoulli","betaBernoulli","betaBernoulli","betaBernoulli","betaBernoulli","betaBernoulli","betaBernoulli","betaBernoulli","betaBernoulli","betaBernoulli","betaBernoulli","betaBernoulli","betaBernoulli","betaBernoulli","betaBernoulli","betaBernoulli","betaBernoulli","betaBernoulli","betaBernoulli","betaBernoulli","betaBernoulli","betaBernoulli","betaBernoulli","betaBernoulli","betaBernoulli","betaBernoulli","betaBernoulli","betaBernoulli","betaBernoulli","betaBernoulli","betaBernoulli","betaBernoulli","betaBernoulli","betaBernoulli","betaBernoulli","betaBernoulli","betaBernoulli","betaBernoulli","betaBernoulli","betaBernoulli","betaBernoulli","betaBernoulli","betaBernoulli","betaBernoulli","betaBernoulli","betaBernoulli","betaBernoulli","betaBernoulli","betaBernoulli","betaBernoulli","betaBernoulli","betaBernoulli","betaBernoulli","betaBernoulli","betaBernoulli","betaBernoulli","betaBernoulli","betaBernoulli","betaBernoulli","betaBernoulli","betaBernoulli","betaBernoulli","betaBernoulli","betaBernoulli"],"dataTypes":[["binary"],["binary"],["binary"],["binary"],["binary"],["binary"],["binary"],["binary"],["binary"],["binary"],["binary"],["binary"],["binary"],["binary"],["binary"],["binary"],["binary"],["binary"],["binary"],["binary"],["binary"],["binary"],["binary"],["binary"],["binary"],["binary"],["binary"],["binary"],["binary"],["binary"],["binary"],["binary"],["binary"],["binary"],["binary"],["binary"],["binary"],["binary"],["binary"],["binary"],["binary"],["binary"],["binary"],["binary"],["binary"],["binary"],["binary"],["binary"],["binary"],["binary"],["binary"],["binary"],["binary"],["binary"],["binary"],["binary"],["binary"],["binary"],["binary"],["binary"],["binary"],["binary"],["binary"],["binary"],["binary"],["binary"],["binary"],["binary"],["binary"],["binary"],["binary"],["binary"],["binary"],["binary"],["binary"],["binary"],["binary"],["binary"],["binary"],["binary"],["binary"],["binary"],["binary"],["binary"],["binary"],["binary"],["binary"],["binary"],["binary"],["binary"],["binary"],["binary"],["binary"],["binary"],["binary"],["binary"],["binary"],["binary"],["binary"],["binary"],["binary"],["binary"],["binary"],["binary"],["binary"],["binary"]],"labelToIndex":{"is_a_lizard":43,"has_claws":26,"eats_grass":35,"has_6_legs":8,"has_a_womb":103,"has_tusks":31,"lives_in_water":79,"has_horns":81,"is_nocturnal":99,"has_tough_skin":14,"has_2_legs":7,"eats_nuts":82,"is_smart":89,"has_feathers":70,"eats_bugs":72,"has_red_blood":105,"has_lungs":1,"is_long":23,"bites":74,"lives_in_groups":13,"is_a_reptile":93,"has_a_tail":91,"has_a_large_brain":2,"has_a_long_neck":15,"is_scaly":86,"is_a_canine":102,"has_wings":28,"has_paws":12,"howls":50,"is_colorful":95,"eats_mice":62,"is_warm_blooded":4,"has_a_snout":19,"lives_in_the_forest":55,"is_blue":90,"has_a_beak":37,"is_large":24,"has_long_legs":17,"lives_in_trees":40,"eats_animals":87,"is_dangerous":34,"is_a_carnivore":32,"is_a_mammal":100,"is_a_predator":58,"lives_in_hot_climates":60,"has_a_spinal_cord":3,"is_yellow":67,"is_slender":33,"has_a_tongue":9,"is_an_amphibian":52,"squawks":64,"lives_on_land":94,"is_an_insect":78,"has_gills":51,"lives_in_cold_climates":66,"runs":73,"sings":80,"has_tentacles":27,"has_flippers":92,"swims":76,"travels_in_groups":22,"has_webbed_feet":61,"has_4_legs":56,"is_brown":83,"is_a_feline":53,"is_slow":38,"has_visible_ears":10,"is_furry":88,"has_hooves":69,"is_green":30,"is_a_fish":18,"has_teeth":5,"has_antennae":20,"is_fast":39,"digs_holes":97,"has_a_nose":11,"lives_in_grass":98,"eats_leaves":41,"is_a_rodent":59,"has_bones":106,"has_a_stripes":54,"makes_loud_noises":71,"is_black":48,"eats_rodents":21,"lives_in_houses":96,"flies":77,"is_soft":46,"is_poisonous":45,"roars":25,"lives_in_lakes":63,"lays_eggs":85,"is_a_bird":47,"is_smooth":42,"has_fins":16,"hunts":49,"eats_seeds":44,"has_subcutaneous_fat":104,"is_strong":57,"eats_fish":84,"is_ferocious":65,"is_white":101,"is_tall":36,"has_feet":6,"lives_in_the_ocean":68,"crawls":75,"is_slimy":29}}
