NAME,N_DEATH_ILL,TTL_MDCR_SPND,MDCR_SPND_INP,MDCR_SPND_OUTP,MDCR_SPND_LTC,MDCR_SPND_HOME,MDCR_SPND_HSPC,MDCR_SPND_AMBLNC,MDCR_SPND_EQP,MDCR_SPND_OTHER,TTL_PARTB,PARTB_EVAL_MGMT,PARTB_PROCS,PARTB_IMAG,PARTB_TESTS,PARTB_OTHER,HOSP_REIMB_P_DCD,HOSP_DAYS_P_DCD,REIMB_P_PTNT_DAY,HOSP_REIMB_RATIO,HOSP_DAY_RATIO,REIMB_P_DAY_RATIO,MD_PYMT_P_DCD,MD_VISIT_P_DCD,PYMT_P_MD_VISIT,MD_VISIT_PYMT_RATIO,MD_VISIT_RATIO,PYMT_P_VISIT_RATIO,HOSP_BEDS,TTL_IC_BEDS,HI_IC_BEDS,INT_IC_BEDS,MED_SURG_BEDS,SNF_BEDS,TOTAL_FTE,MS_FTE,PC_FTE,MS_PC_RATIO,RNS_REQ,HOSP_DAYS_P_DCD2,TTL_IC_DAYS_P_DCD,HI_IC_DAYS_P_DCD,INT_IC_DAYS_P_DCD,MED_SURG_DAYS_P_DCD,SNF_DAYS_P_DCD,TTL_MD_VISIT_P_DCD,MS_VISIT_P_DCD,PC_VISIT_P_DCD,MS_PC_RATIO_P_DCD,HHA_VISIT_P_DCD,PCT_DTHS_HOSP,PCT_DTHS_W_ICU,PCT_DTHS_HSPC,HSPC_DAYS_P_DCD,PCT_PTNT_10_MD,N_MD_P_DCD,TTL_COPAY_P_DCD,MD_COPAY_P_DCD,EQP_COPAY_P_DCD,QUAL_SCORE,AMI_SCORE,CHF_SCORE,CHF_SCORE
Abilene TX,2120,39677,19979,NaN,6331,2792,1909,546,1510,200,7326,2717,1702,665,444,1798,17502,19.9,881,0.79,1.01,0.78,2891,NaN,53,0.79,NaN,NaN,54.4,13.2,5.8,7.4,NaN,NaN,NaN,NaN,8.7,NaN,47,11.8,NaN,1.6,1.5,8.6,NaN,27,10.8,14.7,0.73,NaN,30.9,16.1,33.3,11.9,14.7,NaN,2308,NaN,397,79.2,NaN,74.2,74.2
Akron OH,3510,NaN,24222,6394,8126,NaN,2196,980,NaN,201,8161,NaN,NaN,644,421,1670,20966,18.2,NaN,0.94,0.93,NaN,3823,61.7,NaN,NaN,1.01,1.04,49.7,11.9,9.3,2.6,37.8,NaN,23,10,8.8,1.14,44.9,10.6,3,2.5,NaN,7.5,NaN,31.1,15.4,13.3,1.16,5.3,25.3,17,40.3,11.7,NaN,8.5,2472,2194,279,89.1,95.7,90.8,90.8
Alameda County CA,2858,NaN,35651,7510,9286,2133,1987,NaN,1244,231,10007,NaN,NaN,835,377,2287,NaN,19.7,NaN,1.44,NaN,1.43,4481,63.9,70,NaN,NaN,1.17,54,15,7.8,NaN,NaN,53.5,NaN,9.6,10.2,0.94,NaN,11.8,3.6,2,1.6,8.2,9.9,31.2,15.3,14.1,1.09,4,34.2,20.8,25,8.6,32.5,8,2873,2546,327,87.1,93.5,84.6,84.6
Albany NY,10327,NaN,NaN,6992,5181,1680,2310,NaN,1116,222,9161,3676,NaN,847,485,2447,19474,NaN,908,0.88,1.1,0.8,3699,61.2,60,1.01,1,NaN,NaN,9,7.6,NaN,49.8,52.5,NaN,8.4,8.6,0.97,50.1,12.7,NaN,2,NaN,10.4,NaN,30.2,14.4,13.6,1.06,5.7,31.4,15.3,30.3,11.2,37.3,NaN,2697,2408,289,87.8,94.2,85.4,85.4
Albany GA,1132,39735,23741,6039,3308,1876,2652,548,1381,NaN,5946,NaN,1504,NaN,388,NaN,21010,19.6,1073,0.94,1,0.94,2936,56.2,52,0.8,NaN,0.87,53.7,9.5,9.2,0.3,44.2,NaN,19.4,7.9,7.5,1.05,47.2,11.5,2.6,2.5,0.1,NaN,NaN,26.8,12.6,12.5,NaN,6.6,35.1,18.8,35.6,NaN,24.8,6.8,2088,1680,408,81.4,NaN,NaN,NaN
Albuquerque NM,4601,37608,19045,6241,NaN,2077,3247,578,1442,NaN,6309,NaN,NaN,NaN,360,1528,17125,14.3,NaN,0.77,0.73,1.06,2422,40.4,60,0.66,0.66,NaN,39.1,9.5,NaN,4.2,NaN,30.9,15.4,4.7,7.7,0.61,NaN,8.4,2.3,1.4,0.9,6.1,5.6,18.4,NaN,NaN,0.6,5.5,27.1,15.4,34.8,16.4,NaN,6.1,2075,NaN,379,84.8,91.4,83.5,83.5
Alexandria LA,1695,51216,NaN,6649,9263,4322,NaN,1477,2053,231,8401,3134,1634,721,394,2518,22494,23.1,974,1.01,NaN,0.86,3164,62.4,51,NaN,1.02,NaN,63.3,9.4,8.1,1.3,NaN,45.4,20.3,NaN,NaN,0.84,NaN,13.3,NaN,2.3,0.2,10.8,8.2,NaN,13.8,14.9,0.93,14.7,36.4,NaN,27.1,13.2,27.2,NaN,2922,2352,570,87.3,91.4,86,86
Allentown PA,6700,47157,26244,NaN,NaN,1857,1935,761,1098,371,9720,4133,1971,908,536,2171,NaN,NaN,1071,1.01,1.08,0.94,4139,NaN,57,1.13,1.18,NaN,57.7,14.4,NaN,NaN,43.4,NaN,24.1,10.1,9.2,1.09,50.4,12.3,3.5,1.9,NaN,8.8,11.4,NaN,18.7,14.2,NaN,5.6,NaN,18.2,30,10.3,42.5,9.7,2844,2557,287,87.7,91.5,NaN,NaN
Altoona PA,NaN,41063,21148,7010,7160,2241,1357,897,1119,132,7882,3120,1594,587,NaN,2246,18519,18.2,1019,0.83,0.93,0.9,3153,57.5,NaN,0.86,NaN,0.92,49.8,NaN,7.5,3.1,NaN,NaN,NaN,6.7,9.1,0.74,NaN,10.7,2.6,2,0.6,8.1,NaN,27.4,10.8,NaN,0.76,7.3,33.3,20.1,21.4,8.9,NaN,7,2411,2110,301,84.5,NaN,79.1,79.1
Amarillo TX,NaN,NaN,21275,7206,NaN,2225,3904,NaN,NaN,334,NaN,2588,1915,NaN,468,NaN,18898,16.3,1162,0.85,0.83,NaN,2696,50.5,53,NaN,0.82,0.89,44.6,9.6,NaN,NaN,34.9,32.1,17.6,6.5,6.9,0.94,40.4,9.1,2.3,2.2,0.1,NaN,5.9,23.8,11.1,10.9,1.02,7.8,19.6,10.7,56.1,21.3,NaN,5.8,2495,2047,448,NaN,94.4,80.5,80.5
Anchorage AK,NaN,43950,27509,8154,3481,NaN,658,1006,1086,176,NaN,NaN,1893,NaN,305,2117,25295,17.6,1440,1.14,0.9,1.27,2502,36.8,68,0.68,0.6,1.13,48.1,12.4,NaN,NaN,35.7,27.2,14.8,4.6,7,0.66,42.6,NaN,2.8,1.6,NaN,7,4.6,17.2,NaN,NaN,NaN,5.2,NaN,15.9,10,4,16.3,5.1,2544,2246,298,NaN,93.3,92,92
Ann Arbor MI,NaN,48660,27260,7021,7071,2616,NaN,791,1135,NaN,NaN,4182,2067,889,466,1906,23808,19.7,1206,1.07,1.01,1.06,4190,63.9,66,NaN,1.04,1.1,NaN,15.4,NaN,9.2,38.7,56.5,23.5,8.3,10.8,0.77,47.5,11.7,3.7,1.7,2,8,10.8,NaN,12.8,16.2,0.79,6.4,27.5,18.2,40.3,NaN,37.7,NaN,2837,2535,NaN,90.6,96.4,93.8,93.8
Appleton WI,NaN,NaN,16366,6753,4936,661,1623,466,NaN,NaN,6258,1998,1462,516,320,1961,NaN,NaN,1286,0.66,0.58,1.13,2008,36.2,56,0.55,0.59,0.93,31.2,4.9,4.1,0.8,26.3,NaN,14,4.9,5.6,NaN,26.6,6.5,1.2,1,0.2,5.3,8.7,16.2,NaN,8.7,0.74,2.1,24.4,11.8,24.4,NaN,17.1,5.7,NaN,NaN,NaN,NaN,96.7,90.4,90.4
Arlington VA,4888,NaN,25107,NaN,5799,2095,3378,302,1012,310,9987,4457,1833,985,NaN,2162,21369,21,NaN,0.96,1.07,0.9,NaN,68.5,65,1.22,1.12,1.09,NaN,18,8.6,9.4,39.4,47.2,24.6,10.7,9.6,NaN,51.9,NaN,4.4,2.4,2,8.3,NaN,35,18.6,14.2,NaN,4.8,30.5,NaN,39.1,NaN,38.3,9,2880,2614,265,84.7,NaN,84.6,84.6
Asheville NC,NaN,37940,18371,6796,5645,2184,2796,467,1516,165,7098,2603,1559,NaN,356,1960,16387,15.1,1088,NaN,0.77,NaN,2620,46.9,56,0.71,0.77,0.93,41.3,10.2,9.5,NaN,31,NaN,16.7,5.1,8,0.64,38.2,8.7,2.3,NaN,0.2,6.4,9.7,21.2,7.5,11.7,NaN,6.3,NaN,14,32.6,14,NaN,6.9,2349,1954,395,NaN,95,90.2,90.2
Atlanta GA,16925,42658,NaN,7214,4952,2337,NaN,693,1399,260,NaN,3317,1878,721,489,NaN,NaN,18.5,NaN,0.91,0.94,0.97,NaN,57.5,58,0.91,0.94,0.97,50.7,12.9,8.4,4.5,NaN,42.2,20,8.8,7.2,1.22,45.4,11.2,3.3,2.3,1,8,NaN,28.6,15.3,11,1.39,6.4,NaN,19,NaN,13.6,NaN,7.9,2790,NaN,383,85.1,90.6,83.9,83.9
Augusta GA,3204,41620,NaN,NaN,NaN,1754,1920,678,1391,NaN,8044,2679,1741,NaN,439,NaN,20556,19.1,1078,0.92,0.97,0.95,NaN,52.3,52,0.75,0.85,0.87,52.3,17.9,9.2,8.8,NaN,43.6,NaN,NaN,6.9,1.12,48.3,11.8,4.5,2.5,NaN,7.4,8.4,NaN,12.9,11,1.18,4.5,38.2,22.1,26.3,12.1,21.5,6.4,2579,2183,NaN,89.3,95.8,89.4,89.4
Aurora IL,724,NaN,NaN,NaN,6178,1999,3301,857,1305,231,8962,NaN,1979,724,490,2490,20787,15.7,NaN,0.93,0.8,1.16,NaN,53.8,61,0.89,0.88,1.02,43.1,13.9,5.9,8,NaN,47.8,19.4,NaN,7,1.17,38.8,NaN,NaN,1.5,1.6,6.2,8.5,25.7,13.5,9.8,1.37,NaN,26.1,15.4,43.4,NaN,NaN,7.5,2730,2390,340,NaN,94.2,89.7,89.7
Austin TX,NaN,NaN,21400,8269,9610,2516,NaN,738,1398,573,NaN,3657,2193,973,588,NaN,18424,16.6,1107,0.83,0.85,0.98,3711,59.7,62,1.01,0.97,1.04,45.6,11.4,7.8,NaN,34.2,45.5,22.1,9.3,8.9,1.05,40.9,NaN,NaN,NaN,0.9,6.9,8.4,NaN,NaN,13.4,1.02,6.5,27.4,16.3,NaN,NaN,NaN,8,3110,2746,364,88.3,93,NaN,NaN
Bakersfield CA,2746,48038,27253,8570,NaN,NaN,NaN,1253,NaN,360,10923,3731,2420,NaN,NaN,NaN,24070,19,1265,1.08,NaN,1.11,3794,61.5,62,1.03,1,1.03,52.1,17.4,7.2,10.2,34.8,NaN,NaN,9.9,8.2,1.21,47,NaN,4.4,NaN,2.3,7.6,9.8,30.5,16.5,NaN,1.37,3.2,NaN,20.3,25,7.4,24,6.7,3373,2875,498,84.1,91.3,NaN,NaN
Baltimore MD,11692,NaN,36509,9419,5972,1872,1674,540,1215,284,9684,NaN,2183,1034,498,2169,NaN,20.3,1627,1.49,1.04,1.43,3806,NaN,67,1.04,0.92,1.12,55.6,15.3,9.5,5.8,NaN,49.6,22.7,8.3,NaN,0.86,50.3,12.5,NaN,2.6,1.2,NaN,NaN,28.4,12.2,14,NaN,4.9,NaN,21.4,30.5,NaN,37.8,NaN,NaN,2655,338,86.7,92.2,89.2,89.2
Bangor ME,NaN,37003,NaN,NaN,5169,1819,972,NaN,1064,150,NaN,2182,NaN,517,292,1189,18137,NaN,NaN,0.82,0.8,1.02,2444,41,60,0.67,0.67,1,42.8,8.8,NaN,0.3,34,48.7,15.6,3.4,NaN,0.4,38.5,9.1,2,NaN,0.1,7.1,NaN,18.6,4.5,12.7,0.36,6.2,31.2,15.3,16,6.2,NaN,6.1,1775,1492,282,87.2,91.9,86,86
Baton Rouge LA,NaN,48233,22704,7174,8667,4669,1817,1177,1830,195,NaN,NaN,NaN,NaN,431,2658,NaN,21,950,0.9,NaN,0.84,3314,62.5,53,NaN,1.02,0.89,57.4,NaN,8.9,7.4,41.1,39.4,NaN,7.7,9,0.85,51.6,11.9,3.7,2.1,1.5,NaN,7.7,30,NaN,14.5,0.9,13.2,NaN,19.5,30.7,NaN,33.2,8,2974,2461,512,85.8,90.9,83.7,83.7
Beaumont TX,2622,50000,24269,6964,8388,3783,1922,2138,2241,295,NaN,3933,2016,NaN,608,3481,20715,NaN,NaN,0.93,1.06,0.88,3976,68.6,NaN,NaN,1.12,0.97,56.7,22.6,7.8,14.8,NaN,42.4,23.1,10,NaN,1.11,NaN,12.2,5.2,2.1,NaN,7.1,7.8,35.7,18.8,NaN,1.25,11.4,32.3,22.5,34,13.3,31.8,NaN,3648,3024,624,NaN,88.5,82.9,82.9
Bend OR,721,35034,16295,6981,2117,2924,4634,545,NaN,163,6922,2097,1561,NaN,391,2268,14850,10.6,1395,NaN,0.54,1.23,NaN,NaN,56,0.58,0.61,0.94,29.2,3.3,2.8,0.5,25.9,NaN,14.4,4.8,6.3,0.77,24.1,6.2,0.8,0.8,0.1,NaN,NaN,16.2,NaN,8.7,0.73,8.9,22.2,8.5,49.4,20.5,13.4,5.3,NaN,1809,347,NaN,89.1,86.1,86.1
Billings MT,2844,32442,16842,6770,4316,1209,NaN,265,1432,NaN,5209,NaN,1511,430,206,1153,15215,NaN,1143,0.68,0.68,1.01,NaN,37.9,NaN,NaN,0.62,NaN,36.5,8.3,7.9,0.4,28.2,43.2,NaN,4.1,NaN,0.62,33.4,7.3,1.8,1.8,NaN,5.5,7.7,16.5,5.3,10,0.53,3.2,24.1,11.4,22.7,9.6,NaN,4.8,1791,1426,366,89.5,94.1,83.5,83.5
Binghamton NY,2543,33271,18339,5896,4259,1365,1685,532,1123,73,NaN,NaN,1492,646,228,1553,NaN,NaN,NaN,0.73,0.95,0.77,2527,45.3,56,0.69,0.74,0.93,50.7,6.3,NaN,0.5,NaN,NaN,16,5.3,7.1,0.74,42.5,10.7,1.6,1.5,0.1,9.1,9.2,21.4,NaN,NaN,0.73,NaN,29.8,14,28,9.4,NaN,6.7,2048,1754,294,90.1,93.9,88,88
Birmingham AL,12682,41520,22093,5909,5021,2491,3388,781,1564,274,8039,NaN,NaN,737,415,2258,19299,20.5,939,0.87,1.05,0.83,3006,NaN,53,0.82,NaN,0.88,56.3,11.5,9.3,2.2,44.8,50,19.8,7.4,8.6,0.85,49.8,12.2,3,NaN,0.5,9.1,9.2,NaN,NaN,13.9,0.84,7.4,NaN,20,34.8,NaN,NaN,NaN,2627,2189,438,86.1,90.7,NaN,NaN
Bismarck ND,1340,NaN,16756,6219,5362,993,674,NaN,991,252,6226,NaN,1542,529,NaN,1537,14877,14.6,1020,0.67,0.74,0.9,2459,48.4,NaN,0.67,0.79,0.85,40,4.8,4.5,NaN,35.2,46.4,NaN,5.1,7.6,0.66,33.4,8.7,1.2,1.2,0.1,7.4,9.7,NaN,8.7,13.4,NaN,4.4,24.3,9.4,15.1,NaN,18.9,5.8,1963,1704,260,NaN,NaN,NaN,NaN
Bloomington IL,812,37535,19864,NaN,NaN,1054,1518,416,992,205,9114,2508,1996,537,NaN,3641,17580,NaN,1113,0.79,0.81,0.98,2592,50.9,51,NaN,0.83,0.85,NaN,10.1,5.9,4.1,33.2,NaN,17.2,7,6.4,NaN,38,9.3,2.3,1.4,0.9,6.9,NaN,NaN,11,NaN,1.11,2.5,31.2,14.1,NaN,NaN,21.4,6.5,2575,2328,247,91.1,96,93,93
Blue Island IL,4430,57020,32731,7351,8553,3022,3317,743,NaN,NaN,11384,5076,2109,839,NaN,2891,27924,24.6,1136,1.26,1.26,NaN,5078,NaN,65,NaN,1.27,1.09,67.4,24.3,9.2,15.2,NaN,NaN,27.7,12.3,NaN,1.12,61.2,14.6,NaN,NaN,3.1,9.1,12.3,41.6,22.1,NaN,1.28,7.8,29.9,20.2,42.7,14.6,42.5,9.7,3382,3083,NaN,82.2,NaN,NaN,NaN
Boise ID,2867,35218,NaN,NaN,NaN,NaN,2785,334,NaN,198,4993,2013,NaN,557,325,585,14787,NaN,1276,0.66,0.59,1.12,2125,NaN,57,0.58,NaN,0.95,31.8,7.1,6.7,0.5,24.6,NaN,14.3,4.7,5.9,0.8,28.9,6.7,1.7,NaN,0.1,5,9.8,15.9,6.3,8.1,NaN,4.8,23.3,13.4,32.7,15,15.6,5.4,NaN,1313,302,NaN,95.6,NaN,NaN
Boston MA,20670,57057,27929,7916,12598,NaN,2012,1781,837,210,9525,4003,1728,864,525,2404,24734,20,1239,1.11,1.02,NaN,NaN,58.9,68,1.09,0.96,NaN,54.7,10,7.8,2.1,44.7,71.7,NaN,7.8,9.3,NaN,47.4,11.9,2.5,NaN,0.4,9.4,13.4,NaN,12.2,13.8,0.88,11.4,NaN,17.6,26.2,NaN,39.4,9,2708,NaN,218,NaN,95.2,88.7,88.7
Boulder CO,NaN,45050,20401,8321,NaN,2141,4181,541,1363,NaN,9142,NaN,2021,726,408,NaN,17825,15.3,1161,0.8,0.78,NaN,3346,54.9,NaN,NaN,0.9,NaN,42.1,9.5,NaN,4.8,32.5,60.5,19.8,8.9,6.9,1.3,36.3,9,2.3,1.4,NaN,6.7,11.4,25.4,13.8,10.2,1.35,5.7,20.6,12.3,51.1,18.7,NaN,6.7,2591,2258,334,NaN,NaN,83.6,83.6
Bradenton FL,NaN,NaN,21838,8995,6628,NaN,2351,454,1347,368,11286,NaN,2882,1178,683,NaN,18498,16.7,1109,0.83,0.85,0.98,4080,68.9,59,NaN,NaN,0.99,45.7,18.9,6.4,12.5,26.8,60,24.1,10.7,8.4,NaN,42.2,NaN,NaN,1.7,2.8,5.7,11.9,35.1,18.6,13.7,NaN,7,NaN,19.2,42.1,12.6,NaN,8.8,3365,3012,NaN,84.2,88.7,85.8,85.8
Bridgeport CT,3051,55814,NaN,8701,8464,3292,NaN,1031,970,391,11569,4442,NaN,1036,NaN,3220,NaN,22.3,NaN,1.25,1.14,1.1,4446,69.6,64,1.21,1.14,1.07,NaN,13.5,8.6,4.8,47.6,70.5,24.5,9.4,10.3,0.91,NaN,13.6,3.4,2.3,NaN,10.2,12.9,35.3,17,15.7,1.08,NaN,NaN,20.6,22.3,5.6,37.3,8.6,NaN,2947,250,92,94.7,93.7,93.7
Bronx NY,3224,NaN,53716,6510,11672,2865,809,1053,NaN,394,11469,NaN,2023,1057,NaN,NaN,49247,31.7,1553,2.21,1.62,1.37,NaN,79.5,73,1.57,1.3,1.21,86.9,15.5,12.9,2.6,71.4,73.6,NaN,9.7,13.1,NaN,75.5,NaN,4,3.4,0.6,15.4,12.7,NaN,16.9,20.2,0.84,8.7,NaN,22.8,10,3.7,45.7,9.9,NaN,3037,350,NaN,90.6,93.1,93.1
Bryan TX,921,41738,21809,7144,5698,2953,NaN,957,1722,315,8766,NaN,1641,546,383,3212,19220,NaN,1102,0.86,0.89,0.97,3047,55.2,55,0.83,0.9,NaN,NaN,15.2,12.7,2.5,32.6,51.9,18.9,7,NaN,0.85,NaN,NaN,3.2,2.7,NaN,6.7,10.3,25.9,NaN,12.6,0.94,NaN,31.5,17.5,21.8,8.4,20.1,6.3,NaN,2368,468,NaN,NaN,87.4,87.4
Buffalo NY,7101,37201,20440,5847,NaN,1766,1489,639,1281,151,7400,2814,NaN,821,323,NaN,17955,NaN,870,0.81,1.05,0.77,2820,NaN,57,0.77,0.8,NaN,56.6,NaN,7.7,0.8,NaN,56.6,17.7,5.4,8.4,NaN,48.4,NaN,2.3,2.2,0.1,NaN,10.6,24.5,8.4,14,0.6,5.8,34.6,16.7,21.7,NaN,NaN,7.3,2321,1978,NaN,84.3,90.4,83.5,83.5
Burlington VT,3309,38631,20637,7299,4657,2586,1659,NaN,962,60,6665,2565,1393,494,223,1991,18517,18.9,978,0.83,0.97,0.86,2611,46.1,57,NaN,0.75,0.95,NaN,NaN,6.7,0.2,NaN,NaN,17.3,5.2,8.3,NaN,44,NaN,1.7,1.6,0,8.9,9.3,20.5,6.9,12,0.57,NaN,NaN,NaN,24.7,9.7,20.1,6.1,2087,NaN,NaN,86.8,91.5,84,84
Camden NJ,15894,NaN,NaN,7965,7914,2188,2045,896,1141,367,12248,5386,2306,1171,628,2756,29612,NaN,NaN,1.33,1.24,1.08,5388,83.1,65,NaN,1.36,NaN,66.4,22.6,9.4,13.2,NaN,58.4,28.2,13.4,9.7,NaN,NaN,15,5.6,2.6,NaN,9.4,NaN,43.9,25.5,15.2,NaN,NaN,NaN,25.1,29.4,10.8,49.5,11,3533,3230,302,92.3,95.8,NaN,NaN
Canton OH,3540,39957,NaN,6685,7069,1212,NaN,950,926,180,8803,NaN,1736,706,414,NaN,18466,NaN,962,NaN,NaN,0.85,3482,60.5,58,NaN,0.99,0.96,52.6,NaN,7.4,10.9,34.3,61.3,20.9,8,8.9,NaN,47.7,11.1,4.3,NaN,NaN,6.8,11.6,29.7,13.2,14.1,0.94,3.6,30.3,20,26,10,28.7,7.5,2571,NaN,246,86.6,92,81.8,81.8
Cape Girardeau MO,NaN,36890,20859,NaN,4942,1250,1186,607,1247,NaN,NaN,2479,NaN,495,336,1584,18504,18.3,1013,0.83,0.93,0.89,2687,NaN,53,0.73,0.83,0.88,50,14.2,7.3,6.9,35.8,53.6,18.3,4.6,9.5,NaN,44.7,10.4,3.2,1.8,1.4,7.2,NaN,NaN,7.2,14.2,0.51,4,31.9,NaN,26.1,8.4,NaN,6.3,2068,1731,336,NaN,NaN,82.1,82.1
Casper WY,982,NaN,19144,NaN,4738,1277,NaN,NaN,1603,157,4990,1875,1581,533,NaN,NaN,17460,13.3,1310,0.79,NaN,1.15,2006,39.1,NaN,0.55,0.64,0.86,36.5,9.7,8.9,0.7,26.8,NaN,14.2,3.6,7.2,NaN,34.3,7.8,2.3,NaN,0.2,5.5,8.9,NaN,5.2,11.7,0.44,3.6,NaN,14,19.6,NaN,NaN,4.9,1885,1446,439,85.3,89.7,74.9,74.9
Cedar Rapids IA,1582,32888,18458,6636,3449,631,NaN,179,995,169,6240,2181,1464,NaN,365,1704,16445,16,1030,0.74,0.82,0.91,NaN,42.7,NaN,NaN,NaN,0.89,NaN,8.8,6.2,NaN,34.9,29.5,20.2,8.9,7.7,NaN,38.1,9,2.2,1.7,0.5,6.9,NaN,19.7,NaN,8.2,1.22,2.2,28.7,15.4,NaN,14.1,18,5.8,1864,1616,249,91.9,NaN,88.2,88.2
Charleston SC,4216,44634,NaN,8035,NaN,2207,NaN,726,1715,NaN,9359,3140,2016,633,424,3146,21771,NaN,982,0.98,1.13,0.86,3191,61.6,52,0.87,1,NaN,60.8,NaN,8.2,10.9,41.7,43,NaN,8.7,8,1.09,NaN,NaN,NaN,2.2,2.2,8.7,8.3,29.7,15.2,12.5,1.22,5.5,39.5,22.7,28.9,NaN,30.6,7.6,3107,2619,488,88.1,92.6,NaN,NaN
Charleston WV,5787,38053,NaN,5471,NaN,1685,1130,1003,1448,175,7274,2909,1488,579,356,NaN,19335,21.1,917,NaN,1.08,0.81,2988,55.9,53,0.81,NaN,NaN,NaN,12.5,6.8,NaN,45.3,48.8,19.5,6.6,9.2,0.72,49.8,NaN,3,1.8,1.2,9.3,9.5,27.3,NaN,NaN,NaN,4.8,36.1,18.9,21.1,7.7,NaN,7,2502,NaN,NaN,86.9,93,83.3,83.3
Charlotte NC,9810,NaN,21583,6983,5584,NaN,NaN,437,1405,170,7270,3037,1608,623,371,NaN,18961,18.5,NaN,0.85,0.95,NaN,3063,54.8,56,NaN,0.89,0.93,50.8,14.5,7.4,7.1,36.3,54.9,19.4,7,8.3,0.84,45.4,NaN,NaN,1.9,1.6,NaN,NaN,NaN,11.8,12.7,0.93,NaN,33.6,19.6,28.9,14.1,31.1,7.9,2426,2038,388,90.5,NaN,89.7,89.7
Charlottesville VA,NaN,39580,22079,6439,5714,1582,NaN,258,NaN,126,5985,2600,1301,483,292,1310,20001,NaN,NaN,NaN,0.86,1.05,NaN,49.2,54,0.72,0.8,NaN,NaN,9.9,5.7,4.2,36.2,56.3,NaN,5.9,8,0.74,39.8,9.6,2.3,1.5,0.8,7.4,10.6,NaN,8.3,12,0.69,NaN,32.1,15.8,26.6,NaN,26.3,NaN,1993,1674,319,87.4,93.4,88.2,88.2
Chattanooga TN,3790,43396,22581,6379,6070,2700,3448,507,1544,165,7706,3144,NaN,707,419,NaN,19848,18,NaN,0.89,0.92,0.97,3151,56.6,56,0.86,0.92,NaN,49.2,10.9,NaN,2.6,38.3,NaN,19.6,NaN,7.6,1.05,43.8,10.6,2.7,2.2,NaN,8,NaN,28,14,NaN,1.18,8.1,NaN,15.4,NaN,16.7,30.1,NaN,2603,NaN,430,84.8,88.6,84.9,84.9
Chicago IL,8621,62565,40019,6173,8817,3210,2034,921,NaN,242,10819,5370,2030,NaN,462,NaN,34844,26.3,1327,NaN,1.34,NaN,5381,NaN,NaN,NaN,1.32,1.11,72,21,NaN,9.7,51,58.3,29,11.9,12.6,0.94,64.9,15.5,5.2,3,2.1,10.4,11.4,43.8,21.5,NaN,NaN,6.2,34.6,23.6,30.7,10,38.8,9.2,NaN,2994,328,80.8,NaN,86.3,86.3
Chico CA,1760,43073,NaN,6511,5769,2172,1606,557,1540,NaN,NaN,3006,1887,NaN,386,NaN,22122,NaN,1354,0.99,0.83,NaN,3151,NaN,61,NaN,0.85,1.01,44.8,14.2,NaN,6.1,30.6,50.6,18.8,7.5,NaN,0.96,41.2,9.8,NaN,2.1,NaN,6.3,9.2,24.2,11.5,11.3,1.02,5.4,27.7,17.5,27.5,10,23.5,6.8,2376,1966,410,NaN,88.6,82.6,82.6
Cincinnati OH,7224,NaN,NaN,6729,6237,NaN,3862,781,1037,215,8365,3188,NaN,665,419,2341,18685,16.4,1141,0.84,0.84,1.01,3203,55.4,58,NaN,0.9,0.97,44.9,11,6.1,5,NaN,52.7,19.7,7.3,8.5,0.86,NaN,NaN,2.7,1.6,1.1,6.9,9.6,26.1,10.9,NaN,0.86,3.9,23.2,NaN,48,17.8,28.8,7.5,2541,2257,283,86,NaN,NaN,NaN
Clearwater FL,3230,48353,NaN,8913,8258,2804,4174,NaN,1369,394,11623,4500,2398,1085,596,NaN,NaN,18.2,1005,0.82,0.93,NaN,NaN,70.6,NaN,1.23,1.15,1.07,NaN,NaN,8.4,6.7,34.8,NaN,NaN,11.3,NaN,1.17,45.4,11.4,4,2.4,1.6,7.4,13.8,35.9,19.4,14,1.38,7.2,30.2,NaN,NaN,18.9,39.5,8.8,3330,2986,344,86.5,93.1,85.4,85.4
Cleveland OH,NaN,NaN,24522,6581,7976,2005,2845,788,1054,218,8373,NaN,1731,736,421,1655,21269,19.3,1100,0.96,0.99,0.97,NaN,62.8,NaN,NaN,1.02,1.02,53,15.1,9,6.1,NaN,62.6,22.8,8.7,9.4,0.92,NaN,11.6,3.7,NaN,1.3,7.9,11.8,31.7,14.6,NaN,1.04,NaN,26.9,17.8,40.3,16,36.6,8.6,2536,2244,292,88.7,NaN,89.6,89.6
Colorado Springs CO,NaN,40082,NaN,7515,5413,NaN,NaN,504,1865,157,7264,2687,1785,681,NaN,1799,17054,NaN,1147,0.77,0.76,1.01,2806,48.1,58,0.76,0.79,0.97,40.7,NaN,5.2,0.6,NaN,33.2,18.2,6.9,7.7,0.9,NaN,8.8,1.4,1.3,0.1,7.4,6.2,22.1,9.5,NaN,NaN,5.5,24.4,NaN,40.4,NaN,24.2,6.5,2461,1967,493,87.7,NaN,80.6,80.6
Columbia SC,5764,39469,21698,6332,4797,NaN,2174,928,1368,163,7956,NaN,1675,654,409,NaN,19169,22.1,869,0.86,NaN,NaN,2780,55.9,NaN,0.76,0.91,0.83,NaN,16.9,10.7,6.2,43.6,45.9,18.3,6.7,7.8,0.86,54.9,13.5,NaN,NaN,1.3,9.6,8.8,27,12,13,0.92,5.3,NaN,21.8,NaN,13.1,NaN,7.2,2599,2208,391,88.3,92.7,NaN,NaN
Columbia MO,4146,37149,21040,6590,NaN,NaN,1383,406,1139,225,6852,2549,NaN,625,NaN,1680,18711,18,1039,NaN,0.92,0.92,2599,53.2,49,NaN,NaN,0.82,49.3,13.4,7.2,6.2,NaN,NaN,18.4,NaN,NaN,0.6,43.9,10.6,3.2,1.8,1.3,7.4,9.5,25.2,9,14.2,0.64,4.3,NaN,18.7,19,8.8,19.6,6.1,NaN,NaN,301,88.8,93.3,85.8,85.8
Columbus OH,14062,40916,22385,6237,NaN,1676,1892,791,1156,NaN,7661,3067,1688,685,403,1818,19680,NaN,NaN,0.89,0.88,1,NaN,NaN,58,0.84,0.87,NaN,47.4,13.2,NaN,6.4,34.2,NaN,19.9,NaN,8.7,0.81,42.2,10.3,3.2,1.8,1.4,7.1,11.1,25.8,10.6,13,NaN,NaN,NaN,18.3,32.1,11.9,29.2,7.5,2427,2112,316,89.3,NaN,88.9,88.9
Columbus GA,1727,34813,17431,5662,NaN,1302,4360,676,1240,NaN,6794,2661,1619,NaN,NaN,NaN,15133,NaN,947,0.68,0.82,0.83,2686,51,NaN,NaN,0.83,NaN,43.8,7.5,6.5,1.1,36.3,36.5,17.3,NaN,7.6,0.82,38,NaN,NaN,1.7,0.3,8,6.6,25,10.7,12.3,0.87,3.7,31.5,17,40.3,24.1,NaN,6.5,2313,NaN,368,85.8,91,87,87
Contra Costa County CA,NaN,58387,34681,8421,7958,2652,2152,NaN,1142,265,NaN,NaN,2093,981,422,2524,31252,19.4,NaN,NaN,NaN,1.42,4211,NaN,NaN,1.15,1.01,1.14,53.2,16.2,7.8,8.4,37,48.2,23.3,NaN,9,1.13,47.8,11.9,4,NaN,1.9,NaN,9.1,31,16.4,12.8,1.29,5.2,33,19.9,30.2,10.4,NaN,8,2890,2595,295,89.5,95.7,89.4,89.4
Corpus Christi TX,2165,49340,25192,7494,7609,3144,1801,1831,NaN,409,NaN,3831,1825,953,546,3513,21936,22.8,NaN,0.99,NaN,0.85,3891,68.2,57,1.06,1.11,0.95,NaN,NaN,NaN,0.6,51.9,57.8,23.4,8.1,11.2,0.72,54.6,NaN,2.8,2.6,0.1,10.3,10.6,32.8,13.7,17.2,0.8,9.2,36.8,NaN,23.2,11.4,NaN,NaN,3421,NaN,510,79.3,NaN,76.8,76.8
Covington KY,NaN,NaN,22340,6519,6685,1282,2277,637,1150,161,8195,3251,1701,NaN,NaN,2122,19430,NaN,1049,0.87,0.95,0.92,3261,59.7,55,NaN,0.97,0.91,50.8,17.7,NaN,11.5,33,NaN,21,7.8,9.4,0.83,45.6,NaN,NaN,1.8,2.4,7,NaN,NaN,12.8,15,0.85,3.5,29.5,18.5,NaN,12,36.8,8.9,2589,2276,312,NaN,93.3,85.7,85.7
Dallas TX,13572,51459,NaN,7615,9640,NaN,3590,745,1618,NaN,10202,3834,2033,NaN,631,NaN,20900,19.5,1071,0.94,1,0.94,3894,62.4,NaN,1.06,1.02,NaN,53.4,14.3,8.7,NaN,NaN,NaN,NaN,9,9.4,0.95,48,11.3,3.4,2.2,NaN,7.9,10.1,31.2,14.6,14.7,NaN,9.9,30,17.6,41.8,NaN,29.3,7.6,3117,2682,435,87.9,92.5,87.3,87.3
Danville PA,3039,NaN,17824,6241,6565,1487,1092,628,1083,133,NaN,2884,1423,552,283,1429,15670,14.7,NaN,NaN,0.75,0.94,2903,NaN,NaN,0.79,0.81,NaN,NaN,9.3,6.3,2.9,NaN,53.7,NaN,NaN,NaN,NaN,35.6,8.7,2.1,1.5,0.6,6.6,NaN,22.9,8.1,12.5,0.65,4.6,28.1,14.2,20.7,7.4,22.1,6.6,2023,1743,280,85,91.1,80.8,80.8
Davenport IA,3038,NaN,20145,7408,4110,1605,1709,NaN,1011,NaN,NaN,2510,1729,NaN,NaN,2384,17879,NaN,NaN,0.8,0.9,0.9,2533,50.5,50,0.69,0.82,0.84,48.1,NaN,7.8,NaN,36,40.4,NaN,7.2,8.3,0.87,43,10.3,2.8,1.9,0.9,NaN,7.4,24.2,11.4,10.7,NaN,5.6,30.8,17.2,28.8,11.2,20.3,6.2,2325,2056,269,90.7,93.7,91.7,91.7
Dayton OH,6142,NaN,21741,6395,NaN,1558,2141,NaN,1138,NaN,7915,NaN,1694,659,437,NaN,19007,16.7,NaN,0.85,0.85,1,NaN,56.7,57,0.88,0.92,0.96,NaN,11,8.1,NaN,34.8,55.4,NaN,8,8,1,41.1,10.1,2.9,2.2,NaN,7.2,10.6,27.5,13,NaN,1.08,5.1,25.7,NaN,33.2,12.4,29.3,7.6,2460,2147,312,89.9,94.9,91.8,91.8
Dearborn MI,3152,52877,NaN,NaN,8038,2631,1733,770,1123,211,11181,NaN,NaN,1068,532,NaN,26800,24.1,1110,NaN,NaN,0.98,5359,NaN,70,1.46,1.25,1.17,66.1,18.7,6.4,12.3,47.4,NaN,28.8,9.9,NaN,0.7,57.5,14.9,4.8,1.8,NaN,10.1,11.9,NaN,15.9,22.1,0.72,6.2,31.1,NaN,38,NaN,44.5,10.1,3327,3018,NaN,89.8,91.3,92.5,92.5
Denver CO,5176,43714,NaN,7557,7342,NaN,NaN,530,1494,311,7827,3090,1684,670,479,NaN,18799,14.6,NaN,0.85,0.75,1.13,3160,51.9,61,0.86,0.85,1.02,40,9.2,6.1,NaN,30.9,NaN,19.5,7.6,NaN,NaN,35.4,8.5,2.3,1.6,0.7,NaN,8.7,24.8,10.9,12.2,0.89,NaN,NaN,13.7,NaN,15.2,26.9,7.2,2417,2025,NaN,90.5,NaN,88.6,88.6
Des Moines IA,6299,33863,18897,NaN,NaN,928,NaN,345,1005,102,6603,2569,1498,639,329,NaN,16658,17,NaN,NaN,0.87,NaN,2657,50.1,53,0.72,0.82,0.89,46.6,6.1,5.3,0.7,40.5,30.4,NaN,7.2,7.6,0.95,39.1,9.7,1.6,NaN,0.2,NaN,5.5,NaN,NaN,11.8,0.85,NaN,NaN,12.4,34.9,11.6,22.8,6.7,1927,1678,249,91.9,95.1,90.7,90.7
Detroit MI,10110,54248,NaN,6930,6901,3366,1785,738,NaN,233,11547,5359,2421,1028,618,2121,NaN,23.1,1221,NaN,1.18,1.08,NaN,80,67,1.46,NaN,1.12,NaN,16,NaN,7.6,47.3,50.9,28.4,11,NaN,0.89,55.6,14.2,4.1,2.3,1.7,10.1,9.6,42.3,19.8,19.2,1.04,7.1,31.8,19.5,37.2,NaN,NaN,10.9,NaN,NaN,390,89.7,95.4,92.4,92.4
Dothan AL,2311,37395,18033,5450,4819,NaN,5297,570,NaN,220,6638,NaN,NaN,460,NaN,1604,15792,17.3,914,NaN,0.88,0.81,2568,NaN,50,0.7,0.84,0.83,47.3,7.5,6.6,0.9,39.8,51.3,17,5.7,7.9,NaN,40.7,9.6,1.8,1.6,0.2,7.8,NaN,NaN,8.5,12.3,0.69,NaN,29.8,NaN,NaN,30.5,19.9,6,2244,NaN,378,88.2,92.8,87.4,87.4
Dubuque IA,600,29116,15336,NaN,3442,1076,NaN,310,968,195,NaN,2021,1293,448,427,NaN,13706,12.9,1064,0.62,0.66,0.94,NaN,41.9,NaN,NaN,NaN,0.84,35.3,5.9,5.7,NaN,29.4,NaN,17.6,8.3,NaN,1.31,30.8,7.1,1.3,1.3,NaN,5.8,NaN,18.3,6.3,10.1,0.62,3.6,24.1,10.2,28,9.9,13.5,5.6,1767,1526,241,NaN,94.3,86.3,86.3
Duluth MN,2192,36084,20497,5458,6194,1058,1519,436,798,NaN,5578,2198,1286,NaN,NaN,1257,18552,15.2,1219,NaN,0.78,1.07,2228,41.5,NaN,0.61,0.68,0.9,41.7,10,NaN,NaN,31.7,NaN,14.9,NaN,7.8,NaN,36.9,NaN,2.3,1.6,0.7,6.4,10.5,19.7,5.7,12.5,NaN,2.9,29.1,14.6,20.4,7.4,19.9,6.2,NaN,1476,202,89.8,95.6,85.8,85.8
Durham NC,6887,38333,21856,6756,NaN,1630,NaN,422,NaN,183,6289,2654,NaN,559,396,NaN,19565,18.2,1072,NaN,NaN,0.94,2709,48.8,55,0.74,0.8,0.93,50,NaN,7.7,2.9,39.3,47.7,17.6,6.1,7.6,0.8,44,11.2,2.7,NaN,0.7,8.5,NaN,23.3,9.3,11.9,NaN,4.5,NaN,19.4,26.1,NaN,NaN,6.9,2112,1760,352,88.4,93.3,88.3,88.3
East Long Island NY,17957,65218,40669,NaN,8912,2731,1793,657,1202,439,13817,NaN,2580,1388,NaN,2600,35351,31.5,1122,1.59,1.61,0.99,6432,NaN,70,1.75,1.49,1.17,86.3,16.1,12.9,3.2,70.2,NaN,31.4,NaN,13.7,0.92,NaN,19.6,NaN,NaN,NaN,15.3,11.2,49.4,24.3,21.5,1.13,7.2,46,23.9,20.8,7.4,50.4,NaN,3945,3629,NaN,86.8,92.1,86.8,86.8
El Paso TX,3561,47676,26495,6950,NaN,2804,NaN,661,1859,NaN,8311,NaN,1993,718,412,1856,23365,19.8,1182,NaN,NaN,1.04,NaN,61.8,55,0.92,1.01,0.91,54.2,18.9,9.2,9.7,35.3,35.8,22.1,9.2,9.1,1.01,49.9,12.2,NaN,2.3,2.1,7.7,7,32.6,16.7,NaN,1.18,7.9,NaN,NaN,33.5,NaN,30.4,7.5,2842,2338,504,77.3,NaN,73.4,73.4
Elgin IL,2303,51807,29190,7085,7982,NaN,3360,677,NaN,236,10131,4470,2051,697,NaN,2449,25071,21.9,NaN,1.13,NaN,1.01,4473,72.4,NaN,1.22,1.18,1.03,59.9,23.4,13.8,9.6,36.6,NaN,26.2,10.8,NaN,0.99,57.7,NaN,5.5,3.4,2.1,7.3,NaN,37.9,NaN,16.2,1.19,NaN,26.6,19,NaN,15.3,38.9,9.2,3048,NaN,315,86.7,92.7,86.1,86.1
Elmira NY,2548,34895,NaN,6131,5131,1242,738,634,1082,273,7981,3237,1424,795,453,NaN,16739,24.1,694,0.75,1.23,0.61,3241,58.3,56,0.88,0.95,NaN,66.1,8.7,NaN,0.2,NaN,63.8,19.7,6.9,9.2,0.75,56,14.2,NaN,2.2,NaN,11.9,12.1,29.9,NaN,15.3,0.84,NaN,37.6,NaN,13,5.3,31.9,7.8,2370,NaN,281,88,NaN,85.6,85.6
Elyria OH,NaN,48478,25292,7089,9829,1639,2556,843,NaN,152,9449,4017,1980,NaN,381,2208,21526,20.1,1073,NaN,1.02,0.95,4021,68.6,59,1.1,1.12,0.98,NaN,23.6,NaN,NaN,31.3,58.8,NaN,11.6,7.6,1.52,51.7,11.3,5.2,2.4,2.8,6.1,NaN,34.2,20.4,11.5,NaN,NaN,NaN,NaN,43.7,14.6,36.1,8.4,2868,2567,300,95.6,99.1,96.8,96.8
Erie PA,4717,39038,20164,6809,NaN,1727,1095,NaN,1154,234,7992,2979,NaN,617,392,2268,NaN,NaN,1038,NaN,0.87,0.91,3015,55.5,54,0.82,0.91,0.91,46.4,9.2,6.5,2.7,NaN,NaN,19.3,6.4,8.9,0.72,40.4,9.9,2.3,NaN,NaN,NaN,12,26.7,10.3,14.2,0.73,5.9,29,15.1,NaN,7.6,22.7,6.7,NaN,2138,306,87.1,90.8,85.5,85.5
Eugene OR,2747,34615,18476,NaN,3465,NaN,2079,799,1235,247,6867,2129,1606,548,NaN,NaN,16806,11.9,1410,0.76,NaN,NaN,2159,38.8,NaN,0.59,0.63,NaN,32.7,9.4,7,NaN,23.3,30.8,15.2,NaN,7.4,0.6,30.4,6.8,2.1,1.6,0.5,4.7,5.9,16.7,5.2,NaN,NaN,4.9,27.3,14.1,NaN,11.6,14.7,5.5,2162,NaN,NaN,90.5,95.7,87.9,87.9
Evanston IL,4735,55077,30788,8564,8181,2162,3424,NaN,1059,302,11064,4743,NaN,940,572,2658,NaN,21,1268,1.2,NaN,1.12,4744,71.6,66,1.29,1.17,1.11,57.5,NaN,10,8.5,38.9,61,27.1,11.1,NaN,1,NaN,NaN,NaN,2.6,1.8,7.9,11.3,36.9,18.2,16.1,NaN,4.7,28,NaN,42.5,14.7,40.6,9.4,3174,2901,273,NaN,96.4,NaN,NaN
Evansville IN,4472,38865,NaN,7234,7446,1749,2099,592,1002,176,7128,2473,1652,581,340,NaN,16433,NaN,NaN,0.74,0.86,NaN,2572,NaN,51,0.7,0.82,0.85,46.2,11.6,8.8,2.8,NaN,64,17.6,NaN,7.6,0.77,42,9.8,2.8,NaN,NaN,7,12.3,23.6,NaN,12.4,NaN,5.3,30.1,NaN,NaN,11.9,18.7,6,2187,1919,268,86.8,89.8,83.6,83.6
Everett WA,1849,40348,NaN,8234,5076,1805,2362,NaN,1263,194,NaN,2599,1560,760,NaN,NaN,18886,NaN,NaN,0.85,0.65,1.31,NaN,41,66,NaN,0.67,1.1,34.8,9.2,NaN,3.9,25.6,41.8,16.5,5.2,7.8,0.66,31.1,NaN,NaN,1.4,0.9,5.3,8.1,18.5,6.4,10.4,0.62,4,24,15.1,33.6,12.6,23.6,6.7,2091,1771,320,84.6,NaN,NaN,NaN
Fargo/Moorhead MN ND,3180,33471,17509,6306,5759,901,1480,397,833,286,6433,2054,NaN,NaN,432,1924,NaN,13.9,NaN,0.71,0.71,1,NaN,NaN,55,NaN,0.64,0.92,38,7.5,6.4,NaN,NaN,55,14,3.6,7.3,0.49,NaN,8,NaN,1.6,0.2,6.1,9.8,NaN,5,11.3,0.44,2.9,23.7,12.2,23.9,9.2,16.7,NaN,1846,NaN,213,89,93.4,85.2,85.2
Flint MI,2841,48201,27408,7814,5257,2625,2738,791,1293,NaN,10579,3953,NaN,NaN,602,NaN,23968,19.8,1211,1.08,1.01,1.07,3958,66.6,59,1.08,NaN,0.99,54.2,11.7,NaN,1.6,42.5,40.4,24,9.4,NaN,0.91,48.6,11.6,3,NaN,0.4,8.6,7.3,32.7,14.5,NaN,NaN,NaN,29.3,NaN,NaN,NaN,35.4,8.4,3232,2868,364,84,90.1,84.4,84.4
Florence SC,1868,41815,24960,5018,4825,NaN,1742,1073,1789,224,7449,NaN,1509,584,NaN,2039,22037,23.9,923,0.99,NaN,0.81,NaN,61,NaN,0.84,1,0.84,65.4,11.8,10.2,1.6,53.7,NaN,20,6.6,9.4,0.7,NaN,13.8,NaN,NaN,0.4,10.9,NaN,28.4,11.5,14.7,0.78,6,39.2,19.3,25.5,12.8,NaN,6.9,2625,NaN,530,NaN,NaN,85.3,85.3
Fort Collins CO,NaN,40043,19773,7513,6510,NaN,2324,266,1534,261,NaN,2759,1810,NaN,426,1627,17564,14.9,1179,0.79,0.76,1.04,2790,48.2,58,0.76,0.79,0.97,NaN,12.5,NaN,NaN,NaN,63.2,17,6.8,6.6,1.03,36.1,8.4,NaN,1.2,1.7,NaN,NaN,21.3,9.6,10.1,0.95,5.2,23.7,13.3,32.3,NaN,20.7,NaN,2292,1907,NaN,88.1,95.5,82,82
Fort Lauderdale FL,NaN,58110,27874,11480,7744,NaN,NaN,712,1341,NaN,14842,6038,3003,1441,931,NaN,23163,22,1054,1.04,1.12,NaN,6041,93.2,65,NaN,1.52,1.08,60.2,NaN,NaN,19,29.2,52.1,32.5,NaN,10.4,1.56,58.9,13.2,7.3,3.2,4.1,5.9,NaN,47.2,28.8,15.2,1.89,12.2,25.9,20.4,50.7,15.6,50.4,11,4133,NaN,339,84.9,90.4,83.8,83.8
Fort Myers FL,6430,45670,21728,10195,5443,1984,4148,549,1246,NaN,12406,NaN,3228,1379,685,NaN,NaN,16.8,1104,0.83,NaN,0.97,NaN,63.5,64,1.11,1.04,1.07,46,15.3,7.2,8.1,30.7,49.3,23.7,10.7,NaN,1.32,NaN,NaN,NaN,2,1.8,6.4,9.4,31.1,16.8,11.9,1.41,5.6,25.7,16.9,47,18.7,36.1,8.5,NaN,3292,323,84.4,90.6,NaN,NaN
Fort Smith AR,2134,40759,20641,5616,NaN,NaN,2164,630,1542,182,7247,2839,NaN,628,352,1872,17946,20.9,NaN,0.81,NaN,NaN,2874,60.1,48,0.78,0.98,0.8,57.3,8.6,8.2,NaN,48.7,40.1,19.6,7,9.1,0.77,49.3,NaN,NaN,2.2,0.1,9.9,NaN,NaN,13.7,15.2,0.9,9.3,35.3,17.3,28.5,14.1,23.1,6.4,2326,1919,407,NaN,92.2,78.5,78.5
Fort Wayne IN,4658,36534,18117,7134,6622,1070,1983,431,1044,132,6881,2527,1670,704,332,1648,16010,NaN,1122,0.72,0.73,NaN,2541,47.6,53,0.69,NaN,NaN,39.1,NaN,NaN,3.2,29.2,61.4,16.6,6.5,6.2,1.06,35.1,8.2,2.4,1.8,0.6,5.8,NaN,22.1,11,9.1,1.21,NaN,25.3,15.4,NaN,NaN,27.3,NaN,2168,1889,NaN,87.9,91.3,80.5,80.5
Fort Worth TX,5702,48614,20477,7160,10425,3232,4807,510,1502,500,9214,3592,1843,897,NaN,2296,17637,16.4,NaN,0.79,0.84,0.95,3605,58,62,NaN,0.95,1.04,44.8,NaN,8.2,8,28.6,NaN,20.2,8.7,7.9,NaN,41.8,9.6,NaN,NaN,1.7,5.7,8.6,29.2,NaN,12.4,1.22,9.8,25.9,17.2,NaN,22.3,26.9,7.1,2836,2430,407,90.4,NaN,88.8,88.8
Fresno CA,3137,43770,24573,8316,5570,1672,NaN,1014,1595,233,9841,3160,2010,757,518,3397,22060,17.1,NaN,NaN,0.88,1.13,3242,52.1,NaN,0.88,NaN,NaN,47,14.7,NaN,NaN,32.2,44.9,19.8,7.9,8.2,NaN,41.9,10.9,3.7,1.7,NaN,7.2,NaN,24,10.9,11.7,NaN,4.2,37.9,20.6,19.8,5.2,23.6,6.7,3030,2609,421,NaN,NaN,79.5,79.5
Gainesville FL,2608,46202,24651,7232,6223,1677,3904,687,1482,346,9259,NaN,2229,NaN,515,1871,21471,19.3,1114,0.97,0.98,NaN,3735,59.8,62,1.02,0.98,1.04,52.8,NaN,NaN,NaN,NaN,NaN,22.7,8.3,10.4,0.8,48.3,11.6,3.4,2.5,0.9,8.3,NaN,NaN,12.9,NaN,0.88,4.1,25.6,14.9,43.8,19.3,NaN,NaN,2953,2535,418,NaN,NaN,80.2,80.2
Gary IN,2803,NaN,27119,7520,6959,NaN,NaN,858,1303,235,9517,3768,1928,NaN,476,2632,23533,NaN,NaN,1.06,NaN,0.93,3785,67.9,56,1.03,1.11,0.93,61.1,17.9,8.2,NaN,43.2,63.8,NaN,NaN,11.1,0.83,54.4,12.7,4,2,2,8.6,NaN,34.8,16.1,16.8,0.96,8.2,NaN,20.1,31.9,10.1,28.9,7.6,NaN,2634,369,83.6,87.6,83.2,83.2
Grand Forks ND,1023,33089,18368,6403,5333,804,1196,211,NaN,75,5085,1779,NaN,465,245,1337,16713,NaN,NaN,0.75,0.69,NaN,2043,39.3,52,0.56,0.64,NaN,37,4.5,4.3,0.3,32.4,47.8,13.6,3.5,6.9,0.51,31,7.4,1,1,0,6.3,10,17.2,4.3,11.5,NaN,2.4,26.2,11.4,NaN,6.9,13.2,5,NaN,1334,NaN,86,NaN,NaN,NaN
Grand Junction CO,931,36190,16380,6579,NaN,2287,NaN,449,1349,58,4996,2280,1356,434,197,730,14740,NaN,NaN,0.66,NaN,1.17,NaN,NaN,NaN,NaN,0.62,1.03,30.4,5.6,NaN,0.8,24.8,44.8,14.4,NaN,7.2,0.53,26.6,6.3,1.3,1.2,0.1,4.9,8.1,NaN,5.1,10.2,NaN,7.2,20.8,10.8,NaN,21.7,11.4,5,1734,1387,NaN,91.2,95.8,86.6,86.6
Grand Rapids MI,5436,NaN,NaN,6504,5246,2187,3146,734,1178,180,7351,2626,1581,642,405,2097,17149,13.4,NaN,0.77,0.68,1.13,2698,NaN,62,0.74,0.71,1.04,36.7,10.9,NaN,5.3,25.8,41.4,16.7,NaN,7.9,0.64,33,7.8,2.5,NaN,1.1,5.2,7.2,20,NaN,NaN,0.58,6.3,NaN,NaN,45.6,18.2,24.9,7,2226,1916,NaN,94.4,97.6,NaN,NaN
Great Falls MT,916,38104,20663,7231,4728,1134,NaN,NaN,NaN,70,7092,NaN,NaN,NaN,273,2561,18651,NaN,1096,0.84,0.87,0.97,2335,46.9,50,0.64,NaN,0.83,46.6,12.9,9,3.9,33.7,NaN,16,NaN,6.9,0.81,42.7,9.7,2.8,NaN,0.8,6.8,9.8,21.5,9,11.1,0.81,3.1,26,NaN,NaN,12.7,15.7,NaN,2250,1885,365,89.8,92.9,87.2,87.2
Greeley CO,1290,NaN,21644,7454,6063,1864,3100,494,1635,174,NaN,NaN,1708,600,343,1907,19370,14,NaN,0.87,0.72,NaN,2866,47.8,60,0.78,0.78,1,38.4,6.5,4.4,2,NaN,52.7,NaN,NaN,7.9,0.74,32.7,8.1,1.7,1.2,NaN,6.4,NaN,21.7,8.1,12.1,NaN,5.4,20.8,8.4,NaN,15.1,21.2,NaN,2372,1947,426,92.9,NaN,91.9,91.9
Green Bay WI,2992,33334,17663,6630,4675,1118,1915,419,868,47,NaN,2056,1566,529,293,2220,15824,14.1,NaN,NaN,0.72,0.99,NaN,39.6,54,0.58,0.65,0.91,38.6,5.6,NaN,1.1,33,48,14.7,NaN,6.2,NaN,32.6,7.8,1.3,1.1,NaN,6.5,9,NaN,6.5,9.5,0.69,3.2,NaN,13,25.2,11,16.4,NaN,1987,1762,226,89.1,93.4,84.7,84.7
Greensboro NC,2709,37161,18968,7169,5185,1758,2218,432,1181,249,NaN,2666,NaN,647,446,1176,16703,17.1,NaN,0.75,0.87,0.86,2681,48.7,NaN,0.73,NaN,0.92,NaN,15.3,13.5,1.8,31.6,52.3,17.3,6.2,NaN,NaN,45.8,10.1,3.5,NaN,NaN,6.7,10,22.6,9.5,11.3,0.84,4.8,33.8,NaN,28.4,13,26.4,7.1,2060,1735,326,NaN,90.8,78.6,78.6
Greenville NC,NaN,40552,23176,7833,4003,1713,1038,1087,NaN,198,8331,NaN,1802,NaN,472,2600,20740,20.4,NaN,0.93,NaN,0.89,2785,52.3,53,NaN,0.85,NaN,56,16.1,NaN,7.1,39.9,47.6,18.6,6.5,8,NaN,50.5,12.2,NaN,2.4,1.5,8.3,9.2,24.2,9.4,12.7,NaN,6,NaN,NaN,19.2,8,24.8,7.1,2799,2366,433,86,91.3,85.5,85.5
Greenville SC,4421,39703,22212,NaN,NaN,1617,NaN,746,1446,150,7918,2774,1757,660,380,NaN,19680,20.8,NaN,0.89,NaN,NaN,2795,54.8,51,0.76,0.89,NaN,57.1,16.1,10,6.1,40.9,NaN,18.6,NaN,7.5,0.94,51.8,12.7,3.8,2.5,1.3,8.9,9.3,26.7,12.3,12.2,1.01,4.6,36.3,21.7,30.3,NaN,32.4,NaN,2590,2193,397,91,94.4,92.1,92.1
Gulfport MS,NaN,52444,NaN,6565,8179,2825,4400,961,1619,224,8512,3361,NaN,607,451,2088,24462,24.3,1005,1.1,1.24,NaN,3373,66.1,51,0.92,1.08,NaN,66.7,20.4,16.2,4.2,46.2,44,22.7,8.6,9.6,NaN,63.2,14.1,4.8,3.9,0.9,9.3,7.9,32.7,NaN,15.2,NaN,7.5,40.3,23.7,33.1,NaN,32.2,7.7,NaN,2406,453,NaN,NaN,82.6,82.6
Hackensack NJ,6157,63969,NaN,7890,9205,2708,1630,705,1011,NaN,12474,NaN,2394,NaN,702,NaN,35046,29.8,1178,1.58,NaN,NaN,6321,92.3,68,1.72,1.51,1.14,81.5,15.9,NaN,5.2,65.6,62.1,NaN,14.9,12.6,NaN,70.5,18.3,4.2,3,1.2,NaN,NaN,49.9,27.7,NaN,1.45,7.1,42.9,23.1,23.8,7.5,45.8,10,3538,3276,263,90.5,NaN,88.9,88.9
Harlingen TX,1847,NaN,NaN,8506,4620,3816,1498,NaN,2028,406,12438,4739,2476,987,NaN,3510,39230,26.5,1481,NaN,1.35,1.31,4773,78.9,60,1.3,1.29,1.01,NaN,26.1,23.6,2.6,46.4,NaN,29.7,12.1,NaN,0.89,72.7,16.2,6.6,6,NaN,9.6,8.6,41.2,19.6,19.3,1.02,11.6,44.9,30.4,23.5,10.3,NaN,8.6,NaN,3380,546,85,93.5,89.7,89.7
Harrisburg PA,5726,39853,20928,NaN,7333,NaN,1527,525,971,252,8272,NaN,1787,754,408,1956,18097,18.3,NaN,0.81,0.93,0.87,NaN,61.2,55,NaN,1,0.93,NaN,14,NaN,8.3,36.1,49.6,20.5,7.5,8.9,0.84,NaN,10.7,3.2,1.5,1.7,NaN,NaN,29.9,12.6,14.7,NaN,3.4,28.9,17,27.3,9.8,36.8,9.1,2455,NaN,255,85,NaN,81.8,81.8
Hartford CT,NaN,50008,25521,7591,NaN,2812,NaN,1441,NaN,268,9583,3479,1853,860,473,2918,22729,NaN,1331,1.02,0.87,1.17,3485,NaN,66,NaN,0.86,1.1,46.8,9.9,6.8,NaN,36.9,82.8,18.7,7,7.7,0.91,NaN,NaN,NaN,1.9,NaN,8.1,15,26.2,12.4,11.9,1.04,9.9,31.9,16.3,23.2,6.9,32.5,7.8,2760,2506,255,NaN,92.1,87.7,87.7
Hattiesburg MS,NaN,42446,22707,7077,NaN,2691,2355,611,NaN,260,NaN,2909,1829,758,NaN,2154,19926,24,NaN,0.9,NaN,0.73,3007,63.2,48,NaN,NaN,0.8,65.7,7.9,6.9,0.9,57.8,39.7,20.5,8,8.4,0.96,NaN,14.5,2.2,NaN,0.2,12.3,7.7,31.3,13.9,NaN,0.92,8.3,43,16.7,26.9,15.8,28.9,7.4,2690,2215,475,87.6,92.7,NaN,NaN
Hickory NC,1549,39182,NaN,6861,NaN,NaN,3041,458,1301,204,6732,2678,1434,517,394,1710,18795,17.8,1059,0.85,0.91,NaN,2695,NaN,NaN,0.73,0.79,0.93,48.6,13.3,8.5,4.8,35.4,49.3,17.5,5.9,7.7,0.77,44,NaN,3.1,2.2,0.9,7.3,8.6,NaN,9,11.1,NaN,5.2,29.5,NaN,38.1,16.5,24.5,NaN,2253,1900,352,NaN,90.2,NaN,NaN
Hinsdale IL,1629,51150,27614,7255,NaN,2281,NaN,NaN,1076,277,10196,4657,2009,804,523,2203,23541,19.8,1188,1.06,1.01,1.05,4659,72.2,65,1.27,NaN,1.08,54.3,16,8.1,7.9,38.3,57.7,26.4,NaN,10.2,1.12,48.8,NaN,3.8,2.2,NaN,NaN,10.7,37,19.3,15.1,NaN,5.2,27,17.2,NaN,NaN,40.9,NaN,2882,2610,272,90.2,NaN,91.8,91.8
Honolulu HI,2879,43449,27876,6533,NaN,1400,1743,NaN,1134,NaN,7302,3379,NaN,561,497,1120,25009,24.9,1004,1.12,NaN,NaN,NaN,65,52,0.93,1.06,0.88,68.2,11.3,NaN,3.6,NaN,30.1,21.6,7.8,9.9,0.79,NaN,14.6,3,2.2,0.9,11.6,NaN,32.2,13.9,NaN,0.87,3,38.4,22.5,21,7.6,NaN,6.4,2410,NaN,292,83.8,89.2,82.4,82.4
Houma LA,1065,44858,24582,7575,NaN,3662,1148,1059,1647,189,8471,NaN,1861,809,422,2510,21984,21.3,1032,0.99,1.09,0.91,2888,56.8,NaN,NaN,0.93,0.85,58.3,17.7,7.7,10,40.6,NaN,19.3,NaN,7.6,1.02,NaN,12.6,4.4,2.1,2.3,NaN,NaN,NaN,12.7,13.6,0.93,NaN,37.9,23,25,9,27.6,7.3,2914,2444,470,87.5,94.4,82.4,82.4
Houston TX,16441,NaN,NaN,7336,12524,3167,2651,1402,1769,424,11447,5056,NaN,882,581,2848,25164,21.9,1148,1.13,1.12,NaN,NaN,NaN,61,1.39,1.37,1.02,NaN,NaN,11.1,8.7,40.2,47,28.8,13.1,11.1,1.18,55.6,12.7,4.8,2.9,1.8,7.9,8.4,44.8,25.1,17,NaN,8.3,30.4,20.8,38.5,14.4,35.2,8.4,NaN,3084,NaN,85.1,90.3,85.9,85.9
Hudson FL,2992,48537,NaN,9769,6470,NaN,3662,499,NaN,398,12692,NaN,2888,1117,NaN,3674,19645,19.3,NaN,0.88,0.99,0.9,4377,71.3,61,1.19,1.16,NaN,52.9,22,10.4,11.6,30.9,56.6,25.5,10.8,9.8,1.11,50.4,11.7,5.3,2.7,NaN,6.3,10.7,36.4,NaN,NaN,1.35,7.6,26.1,NaN,51.5,17.3,37.3,NaN,NaN,3340,NaN,83,NaN,82.1,82.1
Huntington WV,2402,41976,24108,NaN,4892,1966,2485,NaN,1576,167,7845,3126,1494,611,368,2246,21317,19.8,1077,0.96,1.01,0.95,3148,58.5,54,0.86,0.95,0.9,54.2,8.5,6.7,1.7,NaN,43.6,20.2,NaN,8.5,0.94,NaN,NaN,NaN,1.8,0.3,9.6,8.1,28.5,12.3,14.2,0.87,5.5,35.4,15.7,NaN,13.3,27.5,NaN,NaN,2130,NaN,87.6,90.5,NaN,NaN
Huntsville AL,2924,39738,NaN,NaN,4939,NaN,2034,NaN,1468,230,8543,2810,NaN,847,386,2662,18482,19,971,0.83,NaN,0.86,2831,NaN,53,NaN,0.88,0.88,52.2,18.2,NaN,10.4,34,NaN,19.4,7.9,7.4,1.07,47.6,NaN,4.6,2.2,2.4,7.3,9.1,27.1,NaN,12.1,1.06,NaN,38.6,24.5,NaN,13.5,26.1,7,2849,2437,412,89.1,91.8,NaN,NaN
Idaho Falls ID,734,36739,18219,NaN,5026,2504,1752,221,1729,172,6567,1853,NaN,534,409,2160,NaN,12.5,1328,0.75,0.64,NaN,1940,37.5,52,0.53,0.61,0.87,NaN,NaN,11.6,NaN,22.2,49.6,14.7,5,NaN,0.83,NaN,7.2,NaN,2.8,NaN,4.3,NaN,16,6.9,7.8,0.88,7.3,25.7,15.5,28.8,NaN,9.5,4.7,2165,1723,442,NaN,95.3,NaN,NaN
Indianapolis IN,NaN,40898,20405,6893,8268,1295,NaN,441,1121,NaN,7148,2800,NaN,643,NaN,NaN,18129,16.9,1075,0.82,0.86,0.95,2815,50,56,NaN,0.82,0.94,46.2,12.4,NaN,5.7,33.9,67.3,NaN,7.5,7.3,1.03,41.1,9.9,2.9,1.7,1.2,6.9,12.1,23.9,NaN,11,1.02,3.8,29.2,NaN,29.6,NaN,26.6,7.2,2302,1995,307,NaN,NaN,87.3,87.3
Iowa City IA,1830,NaN,18027,5592,3908,NaN,1951,364,808,NaN,5441,NaN,1370,NaN,299,NaN,16176,16,1014,0.73,0.81,0.89,NaN,42.9,53,NaN,0.7,NaN,43.7,NaN,NaN,0.9,38.6,33.1,18.1,4.1,NaN,0.39,NaN,8.6,1.3,1.1,0.2,NaN,5.7,18.7,5.6,11.4,0.49,2.9,29,10.9,24.8,10.4,11.8,5,1600,1397,204,89.3,93.4,88,88
Jackson MS,5825,44204,23111,NaN,5931,3487,2889,853,1624,190,7575,2793,1630,NaN,338,2248,20419,NaN,832,0.92,1.25,NaN,2882,59.9,NaN,0.79,NaN,NaN,67.2,NaN,7.1,2,58.1,47.2,NaN,6.5,8.7,0.75,56.2,13.7,2.2,1.8,NaN,NaN,NaN,NaN,11.7,15.2,0.77,9.6,40.4,16.6,29.7,15.6,21.1,6.3,2544,2075,469,81.9,85.1,NaN,NaN
Jackson TN,2417,38735,20163,6211,6099,3086,NaN,NaN,1520,152,7140,2969,1682,609,370,1511,NaN,NaN,913,0.8,0.99,0.8,2991,NaN,NaN,0.82,0.89,0.92,NaN,18.5,7.5,11,34.7,62.6,18.9,NaN,9,NaN,48.3,11.4,4.3,NaN,2.4,7.1,12.3,26.3,NaN,14.5,NaN,10,37.6,20.6,17.3,7.5,22.2,6.5,2437,2026,411,82.5,NaN,78.2,78.2
Jacksonville FL,5963,48443,25186,NaN,NaN,2187,3086,NaN,NaN,312,11150,4512,2217,959,586,2877,21236,20.1,1056,0.96,NaN,0.93,4515,73.1,62,NaN,1.19,1.03,55.1,24.2,NaN,NaN,30.9,58.2,26.4,NaN,9.8,1.21,51.8,NaN,5.7,2.4,3.3,6.2,10.5,36.8,19.7,14.4,1.37,NaN,29.7,20.5,NaN,16.1,36.1,NaN,3388,2983,405,83.8,89,84.7,84.7
Johnson City TN,1466,41147,NaN,NaN,5002,NaN,NaN,NaN,1609,142,7702,3144,1268,611,367,2311,19870,20,992,0.89,NaN,0.87,3158,NaN,53,0.86,NaN,0.89,54.9,14.2,5.8,NaN,40.7,52.2,19.9,6.3,NaN,0.64,47.6,11.9,3.7,1.6,2.1,8.3,9.7,29.5,NaN,16,0.7,8.7,NaN,20.5,22.1,11.4,32.8,8,2438,2020,418,83.4,NaN,79.5,79.5
Johnstown PA,1278,41022,NaN,6078,NaN,NaN,NaN,938,1131,133,NaN,NaN,1519,674,291,2002,19260,20.8,925,0.87,1.06,0.82,3244,59.5,55,0.88,0.97,NaN,57,NaN,7.8,1.1,NaN,50.3,NaN,6.6,9.9,0.66,48.9,12.1,NaN,NaN,0.3,10,NaN,29.9,10.6,16.9,NaN,8,33,14.4,17.7,7.6,30.5,7.6,NaN,2066,307,83.9,86.6,79.7,79.7
Joliet IL,2607,49594,NaN,7383,6877,2270,NaN,NaN,1096,216,10073,4414,2035,749,NaN,NaN,NaN,22.1,NaN,1.1,NaN,0.97,4421,72,61,1.21,1.17,1.03,60.6,22.9,9,13.8,37.8,54.9,25.7,11.2,10,NaN,55.7,12.5,NaN,2.3,2.7,7.5,10.3,36.7,18.9,15.3,1.24,NaN,29.6,21.5,39.7,14.4,NaN,8.8,3062,2763,299,86.4,93.8,89.7,89.7
Jonesboro AR,NaN,38981,21295,6003,NaN,NaN,987,968,1867,NaN,7277,2653,1449,NaN,406,2117,NaN,20,945,0.85,1.02,0.83,2760,55.3,50,0.75,NaN,0.83,54.7,7.8,7,0.7,NaN,47.3,18.6,NaN,9.3,NaN,46.5,11.8,2.1,2,0.1,9.7,9.1,27.8,10.2,15.5,NaN,7,39.6,17.2,17,7.1,21.8,NaN,2411,1915,496,87.8,NaN,86.9,86.9
Joplin MO,2552,NaN,NaN,5974,5626,1478,2442,NaN,NaN,249,6448,2401,1557,529,377,1584,19177,18.9,1017,NaN,0.96,0.9,2466,NaN,51,0.67,0.79,0.85,51.6,7.6,NaN,0.6,44.1,55.5,NaN,NaN,8.7,0.55,44.1,10.5,2,1.8,0.1,8.6,10.5,NaN,6.7,14.1,NaN,4.4,NaN,16.6,32.4,15.4,15.3,5.8,2041,NaN,329,88.2,91.4,84.3,84.3
Kalamazoo MI,3677,41539,NaN,6385,7036,1997,2173,NaN,1153,165,7170,2825,1620,702,NaN,NaN,19519,15.5,1259,0.88,0.79,1.11,2899,NaN,59,0.79,NaN,NaN,42.5,8.6,7,1.6,33.9,51.9,18.2,5.7,8.6,0.66,37.5,NaN,NaN,1.8,0.3,NaN,9.6,22.7,NaN,12.3,0.65,5.4,27.5,13.6,NaN,12.5,25.6,7.1,2255,1946,309,NaN,91.3,85.4,85.4
Kansas City MO,NaN,42181,NaN,6760,NaN,1710,2764,640,1175,286,8042,3268,1749,728,483,1813,19740,19.5,1012,0.89,1,NaN,3321,NaN,53,0.91,1.03,0.88,53.4,16.6,6.5,10.1,36.9,46.3,NaN,8.1,9,0.9,47.4,11,3.7,1.6,2.1,7.2,8.6,31.2,14.4,14.5,NaN,4.8,NaN,NaN,37.4,15.9,31.3,7.9,NaN,2088,316,90.3,NaN,89.3,89.3
Kettering OH,1964,42055,21518,6887,6495,1817,NaN,NaN,NaN,329,8800,3454,NaN,748,548,2167,18766,16.4,1147,NaN,0.84,1.01,NaN,58.3,59,NaN,0.95,NaN,44.8,11.9,7.4,4.5,32.9,54,NaN,8.9,8.1,1.1,40.3,10.1,3.1,2.1,1.1,NaN,10.1,NaN,14.5,12.2,NaN,6.5,24.6,15.8,43.8,15.6,31.9,NaN,2610,2290,NaN,92.4,93.8,93.4,93.4
Kingsport TN,2761,NaN,20092,5337,5197,3433,1329,NaN,NaN,222,6519,2506,NaN,457,388,1932,NaN,18.4,NaN,0.81,0.94,0.86,2623,49.5,53,0.72,0.81,NaN,50.5,15,6.2,8.9,35.5,46.5,17.6,5.5,8.7,0.63,44.7,NaN,3.6,NaN,2,7.4,NaN,24.3,7.9,14.4,0.55,12.7,NaN,20.7,23.1,8.3,NaN,NaN,2251,1854,397,85.7,90.6,78.5,78.5
Knoxville TN,7442,NaN,NaN,6298,5916,3177,1354,NaN,1521,NaN,NaN,NaN,1530,599,417,2687,18475,19.7,936,0.83,NaN,0.82,3147,NaN,54,0.86,0.95,0.9,54.1,13.8,7.2,6.6,NaN,55.7,19.5,7,8.6,0.81,47.6,11.7,3.4,NaN,1.4,8.3,10.3,28.8,12.7,13.6,NaN,9.7,37.6,20.7,22.6,NaN,31.9,8.1,2725,2311,NaN,87.6,NaN,83.3,83.3
La Crosse WI,1853,31098,16850,6168,4909,NaN,1404,NaN,NaN,NaN,5588,2030,NaN,542,NaN,1323,NaN,11.7,1297,0.68,0.6,NaN,NaN,36.2,59,0.58,0.59,0.99,NaN,NaN,6,0.2,NaN,40.9,13.6,3.4,7.3,0.46,28.7,6.9,1.5,1.5,0,5.3,7.8,NaN,4.1,10.7,0.39,NaN,23.5,11.8,21,8.1,16.4,5.5,1583,1386,198,94.3,98.6,92,92
Lafayette LA,3048,49449,24432,7713,8074,NaN,1629,1234,1917,262,9545,3114,2080,863,465,3023,21597,22,984,0.97,1.12,NaN,3132,63.2,50,0.85,1.03,0.83,60.1,12.6,NaN,NaN,47.5,39.1,20.5,8,8.4,0.95,53.3,12.8,3.2,2.6,0.6,NaN,7.4,31.8,14.6,NaN,0.99,11.9,34.7,19.2,NaN,11.7,25.3,NaN,3164,2630,NaN,84.5,88.5,82.8,82.8
Lafayette IN,945,36462,17635,NaN,NaN,696,1276,432,1203,360,8265,NaN,1957,NaN,538,2500,15639,15.2,1030,NaN,0.78,0.91,2597,NaN,55,0.71,0.76,0.93,41.6,6.8,4.9,1.9,NaN,64.5,17.7,7.4,6.7,1.1,35.4,9,1.7,1.3,0.4,NaN,11.7,21.6,NaN,10.5,0.91,2.2,31.2,11.1,NaN,7.2,24.2,6.8,NaN,NaN,312,NaN,89.8,73.3,73.3
Lake Charles LA,1325,49774,24997,6626,NaN,3416,NaN,1046,1650,NaN,NaN,3225,NaN,791,473,NaN,21855,NaN,917,0.98,1.22,0.81,3237,64.8,50,NaN,1.06,0.84,65.3,7.5,NaN,0.6,57.8,42.4,NaN,8.2,8.9,0.91,54.3,13.4,2,1.9,0.1,11.4,7.5,32.3,NaN,14.9,1.02,11.9,32.8,14.8,34.2,15.8,28.4,7.3,2866,2399,NaN,NaN,97.6,90.6,90.6
Lakeland FL,1841,44119,21832,7793,6565,NaN,NaN,474,1556,403,10524,NaN,2469,1189,575,2629,NaN,18.3,NaN,NaN,0.93,0.9,3671,58.8,62,1,0.96,1.04,50,11,NaN,2.8,39.1,66.1,23,9.9,NaN,1.12,44.4,11.6,2.9,2.3,0.6,8.7,12.9,30.5,NaN,13.8,1.03,7.2,31.5,19.2,35.4,15.7,31.8,NaN,NaN,2828,415,86.5,93.2,82.9,82.9
Lancaster PA,NaN,38777,NaN,6772,5651,1169,3389,566,956,NaN,NaN,3394,NaN,716,484,1910,17239,17.2,1001,0.78,0.88,0.88,3397,61,56,0.93,NaN,0.93,47.2,NaN,13.5,4.5,NaN,45.9,19.3,8.2,NaN,1.12,46.6,10,4.1,3.1,1,NaN,NaN,29,14.9,11.6,1.28,NaN,21.5,15.7,46.9,18.3,NaN,9.3,2332,NaN,241,90.3,95.9,88.4,88.4
Lansing MI,3206,40278,22419,7248,4924,1869,NaN,NaN,1045,NaN,8052,3091,NaN,803,341,2016,19839,17.9,1110,0.89,NaN,0.98,3119,NaN,58,0.85,NaN,0.97,49,7.2,5.9,1.3,41.7,47.3,NaN,6.3,9.2,NaN,41.5,10.6,NaN,1.6,0.3,8.7,8.4,25.1,8.9,14,NaN,5.8,26.5,NaN,37.4,11.8,29.3,7.6,NaN,2186,281,87.9,92.7,85.9,85.9
Las Vegas NV,NaN,NaN,29593,NaN,9388,NaN,2837,676,1580,333,NaN,5245,NaN,1495,692,2753,24935,NaN,1179,1.12,NaN,1.04,5253,84.1,62,1.43,NaN,1.04,NaN,19.4,10.7,8.8,38.5,40.3,29.8,NaN,11.7,NaN,53.6,12.8,4.9,2.9,2,7.9,7.9,NaN,25,18.3,1.37,6.6,29.7,21.3,39,13.4,41.6,NaN,4091,3652,440,84.5,NaN,86,86
Lawton OK,1175,35395,19484,5950,3052,NaN,2606,413,1366,176,NaN,2210,1434,555,307,1865,NaN,16.8,NaN,0.79,0.86,0.92,2231,42.8,52,0.61,0.7,0.87,NaN,NaN,5.9,NaN,37.4,22.4,15.1,4.8,NaN,0.7,NaN,9.7,2.1,1.5,NaN,7.6,NaN,20.3,8.3,10.5,0.79,NaN,NaN,15.7,34.9,17.9,13.2,NaN,2174,1790,384,92.9,96.8,89.8,89.8
Lebanon NH,2507,41531,21268,NaN,NaN,NaN,1274,912,1022,69,NaN,2116,1257,426,203,1357,19530,NaN,1318,0.88,NaN,1.16,2396,39.1,61,0.65,0.64,1.02,40.6,6.7,NaN,0.4,NaN,58.2,14.6,NaN,7.2,NaN,35.2,8.7,NaN,1.7,0.1,NaN,10.9,17.9,5,11.1,NaN,9.2,27.3,13.4,16.6,7,18.5,6.2,1689,1430,259,NaN,94.5,86.9,86.9
Lexington KY,7534,41380,22464,5633,5223,2579,2588,1045,1596,252,7506,2906,1517,618,389,NaN,NaN,19.6,NaN,0.89,NaN,0.89,NaN,55,54,0.81,NaN,0.91,53.6,12,NaN,3.9,41.6,53.3,19.6,6.5,9.5,NaN,NaN,11.5,3,2.1,0.8,8.5,10,26.8,NaN,NaN,0.66,8.1,33.5,18.1,32.5,15.1,22.9,6.6,NaN,2080,443,NaN,89.4,NaN,NaN
Lincoln NE,NaN,NaN,19021,7800,NaN,1053,1797,346,947,232,6907,2343,1744,540,487,1792,16864,13.8,1224,0.76,0.7,1.08,NaN,NaN,51,0.68,0.8,0.85,37.7,8.9,NaN,1.1,28.8,43.8,17.4,NaN,8.3,NaN,34.5,NaN,2.1,1.9,0.2,NaN,8.6,22.9,8.1,13.4,0.61,3,26.2,12.8,28,10.6,19.2,6,1938,1703,NaN,90.4,NaN,88.5,88.5
Little Rock AR,NaN,41510,22787,NaN,5354,1729,2513,789,NaN,NaN,8292,2898,1744,NaN,470,2574,20109,21.7,926,0.9,1.11,0.82,2977,61.9,48,0.81,1.01,0.8,59.5,11,8.8,2.2,48.5,41.4,19.9,NaN,9,NaN,NaN,12.7,2.9,2.4,0.5,9.8,NaN,31.3,13.8,15.4,NaN,6.2,35.7,17.9,28.8,13.9,23.1,NaN,2637,NaN,397,84,89.5,79.5,79.5
Longview TX,1162,42467,21312,NaN,6758,2440,NaN,455,1775,363,8263,NaN,1904,741,535,1985,18550,17.9,1033,0.83,0.92,0.91,3147,55.2,57,NaN,0.9,NaN,49.2,NaN,5.7,12.7,30.8,57.8,19.7,8.2,7.4,NaN,44.3,10.8,4.5,1.6,2.9,6.4,10.9,28.6,14,12.2,1.15,7.7,32.7,20.7,NaN,NaN,28.3,NaN,NaN,2209,495,89.6,95.4,NaN,NaN
Los Angeles CA,18437,77411,47797,9324,NaN,3843,NaN,1243,1790,432,15061,7194,2829,1188,NaN,NaN,41287,28,1472,1.86,1.43,1.3,7198,NaN,66,1.96,1.79,1.1,76.8,32.3,14.4,17.9,NaN,67.8,36.8,18.2,13.1,1.4,72.9,NaN,7.7,3.9,3.8,NaN,12.1,59.2,NaN,19.1,NaN,8.9,39.4,30.2,22.4,8.4,NaN,9.2,NaN,NaN,475,NaN,90.9,85.4,85.4
Louisville KY,8833,42082,22804,6092,7083,1913,1841,737,1336,276,NaN,3268,1579,646,NaN,2055,19999,19.9,1004,NaN,1.02,0.88,3289,62.6,53,0.9,NaN,NaN,54.6,14.6,8,6.6,NaN,66.5,21,NaN,9,NaN,48.6,11.7,3.5,2.1,1.4,8.2,12.5,31.7,NaN,NaN,NaN,NaN,33,18.2,26.1,10.4,30.9,7.9,2606,2235,370,NaN,91.9,83,83
Lubbock TX,3748,NaN,22853,NaN,NaN,3331,4242,606,1840,261,NaN,NaN,1932,753,433,NaN,20020,18.5,1079,NaN,NaN,0.95,3130,55.5,56,NaN,NaN,0.94,50.8,15.6,8.5,7.1,NaN,46.2,19.8,8.2,7.3,1.13,46.3,10.7,3.6,2.2,1.4,7.2,8.9,27.5,NaN,11.1,NaN,11.4,30.4,17,39.8,23.7,22.2,6.4,2475,1977,497,NaN,84,71.7,71.7
Lynchburg VA,1462,35597,NaN,6828,4650,1171,1287,290,NaN,84,7307,2519,1496,NaN,369,2376,17784,NaN,973,0.8,0.93,0.86,2538,49,52,NaN,0.8,0.87,50.1,14.9,NaN,7,NaN,49.7,16.8,5.9,7.7,0.76,45.2,NaN,3.3,2,NaN,7.7,9.8,23.3,9.3,NaN,NaN,3,NaN,23.1,18.8,8.2,27.7,7.2,2367,2003,364,89.4,94.4,84.6,84.6
Macon GA,3896,40177,22531,6450,4625,1803,2548,555,NaN,217,7381,2831,1744,606,386,1815,19986,18.3,1093,0.9,0.93,0.96,2847,52.8,54,NaN,0.86,0.9,50.1,11.6,8.6,NaN,38.5,NaN,18.6,6.3,8.5,NaN,44.8,NaN,3,2.3,NaN,8,NaN,25.1,10.2,12.9,0.79,5.4,33.4,NaN,32.8,NaN,NaN,6.1,2499,2075,424,78.6,83.3,NaN,NaN
Madison WI,4762,34833,18676,5701,5610,1346,NaN,449,NaN,102,NaN,NaN,1331,504,NaN,1310,16874,14,1206,0.76,0.71,1.06,2187,39.4,56,NaN,0.64,0.93,38.3,NaN,NaN,1.5,NaN,51.5,14.4,4.4,6.8,0.65,NaN,7.8,NaN,1.3,0.3,6.2,9.1,NaN,5.9,10.2,0.58,4.2,NaN,13.1,28,NaN,16,5.6,1739,NaN,266,89.4,94.2,86.8,86.8
Manchester NH,NaN,40822,20336,7095,7308,2402,1814,831,873,163,NaN,NaN,1527,560,394,1720,NaN,15.8,1145,NaN,NaN,1.01,NaN,46.8,NaN,0.8,0.76,1.04,43.4,6.8,NaN,NaN,36.6,57.5,NaN,5.4,7.5,0.72,37.1,9.5,1.7,1.5,0.2,7.8,11.1,22.2,8.2,11.7,NaN,7.4,28.9,NaN,25.9,8.5,26.6,7.2,2115,1894,222,91.3,95.9,92.1,92.1
Manhattan NY,14303,81143,NaN,7532,8642,3621,1324,971,1267,425,NaN,6401,2350,1253,758,NaN,51917,34.9,1487,2.33,1.78,1.31,6405,NaN,73,1.75,1.44,NaN,NaN,14.6,12.6,2,81,57.4,31,12.4,NaN,0.92,81.7,NaN,4,3.6,0.5,17.8,NaN,47.7,23.2,NaN,1.11,NaN,48.5,22.7,14.3,5.3,49.3,10.7,3687,3348,NaN,86.5,NaN,89.5,89.5
Marquette MI,NaN,35699,19108,6377,3748,NaN,1424,490,NaN,NaN,5888,2233,1385,466,NaN,1612,NaN,13.6,1266,0.77,0.69,NaN,2434,41.8,58,0.66,0.68,0.97,37.2,5.2,4.7,0.5,32,36,NaN,4.3,NaN,0.55,31.5,7.8,1.3,NaN,0,6.5,NaN,18.5,NaN,11.5,0.5,10,23.3,NaN,24.5,9.5,16.2,5.5,1875,1590,285,NaN,92.9,84.1,84.1
Marshfield WI,2317,36328,19337,6991,5522,1063,1941,337,885,NaN,6885,NaN,1545,682,426,NaN,17385,NaN,1176,0.78,NaN,1.04,2337,43.1,54,0.64,0.7,0.91,40.5,NaN,5.2,0.6,34.8,52.6,15.7,5,7,0.71,NaN,8.5,1.5,NaN,0.2,7,9.5,19.8,7,11.1,NaN,NaN,28.6,12.6,24.2,NaN,23.2,6.7,2064,NaN,228,NaN,94,89.8,89.8
Mason City IA,1219,31453,NaN,6743,NaN,786,2835,344,896,43,NaN,1721,1267,498,194,931,14908,11.1,NaN,NaN,0.57,1.18,2004,NaN,NaN,0.55,0.59,0.93,30.5,4.7,3.9,0.8,25.9,28.5,14.4,NaN,7.8,0.43,26,6.1,1.2,1,0.2,NaN,4.9,NaN,4.5,9.4,0.48,2.9,15.7,6.3,NaN,NaN,14.1,5.4,1411,1189,NaN,94.6,98.4,89.9,89.9
McAllen TX,1618,67188,38821,9342,7741,NaN,587,3037,2152,494,15494,5509,NaN,NaN,860,5417,33730,27.8,1214,1.52,1.42,NaN,5571,NaN,55,1.52,1.64,0.93,76.1,26.6,16.9,9.8,49.5,NaN,32.5,12.3,16,0.77,NaN,NaN,6.7,4.4,2.3,9.9,NaN,NaN,25.3,25.7,0.98,15.9,45.2,31.1,12.6,4.3,48.9,10.7,4779,NaN,NaN,NaN,77,64.7,64.7
Medford OR,2279,35761,18866,6287,3670,1965,2599,846,1414,114,6547,2125,1559,518,310,2035,NaN,12,NaN,NaN,0.61,1.26,2156,37,58,0.59,0.6,0.97,32.9,7.1,6.1,1,25.8,NaN,14.7,4.6,6.7,0.69,29.5,7.1,1.7,1.5,0.2,NaN,NaN,NaN,5.7,NaN,NaN,5.4,24.5,12.9,37.6,NaN,NaN,5.1,NaN,1786,374,88,NaN,88.1,88.1
Melrose Park IL,5534,NaN,30694,6958,7864,2607,2879,629,1088,NaN,9824,4644,2084,723,NaN,1923,26448,NaN,1184,1.19,1.14,NaN,4646,72,64,1.27,1.18,NaN,61.2,NaN,11,8.6,41.6,53.7,26.2,NaN,10.9,0.99,56.3,13.3,4.7,2.8,NaN,8.5,NaN,37.8,19.1,16.6,NaN,6.1,NaN,20.7,40.5,NaN,40.2,9.4,2892,2605,287,87.4,92.2,87.1,87.1
Memphis TN,9020,43185,NaN,6274,NaN,2677,1848,671,NaN,NaN,8880,3602,1763,744,478,2294,20626,NaN,NaN,0.93,1.21,NaN,3632,73.7,49,0.99,1.2,0.82,65.1,14.4,NaN,3.7,50.7,45.3,NaN,9.1,9.3,NaN,57.8,14.3,3.7,2.8,0.9,10.6,NaN,40.1,21.2,16.2,NaN,7.8,40.8,NaN,23.6,12,29.9,7.8,2945,2461,485,NaN,88,84.4,84.4
Meridian MS,1325,44904,20865,NaN,7364,2217,7014,688,1313,226,6958,NaN,1475,615,NaN,1777,NaN,22.5,808,0.82,1.15,0.71,2852,59.6,48,0.78,0.97,0.8,61.6,8,5.8,2.3,53.6,34.9,18.9,6.7,8.5,0.78,NaN,12.4,2.1,1.6,0.5,10.3,6.3,28.5,12.3,13.9,0.88,NaN,NaN,NaN,38.1,28.1,NaN,NaN,NaN,1918,377,87.4,NaN,91.8,91.8
Mesa AZ,2365,NaN,22939,7937,5298,1802,NaN,679,1163,353,10322,NaN,2277,1142,559,NaN,19752,15.9,NaN,0.89,0.81,1.1,3743,58.9,64,1.02,0.96,NaN,43.4,18.3,NaN,12.7,25.1,36.3,23.4,8.8,10,NaN,40,9.5,4.4,1.5,2.8,NaN,7.2,29.7,14,NaN,NaN,5,21.7,NaN,57.2,NaN,35.6,8.5,2956,2655,301,86.6,92.3,87.1,87.1
Metairie LA,1690,59367,29210,8270,11143,5376,2461,989,1605,NaN,11015,4559,2199,931,508,2818,NaN,23.8,1047,1.12,1.22,NaN,4566,83.4,55,1.24,1.36,0.91,NaN,NaN,10.6,NaN,47.5,44.9,27.3,12.6,9.4,1.34,58.7,14,4.5,2.8,NaN,9.5,8.3,45.3,NaN,15.6,1.66,14.1,34,NaN,NaN,12.9,41.4,9.4,NaN,2880,430,85.5,NaN,85.2,85.2
Miami FL,8097,71982,39007,9271,9135,5315,3586,914,4279,474,15040,7560,2785,1434,892,NaN,32496,29,1119,1.46,NaN,0.99,7561,105.7,NaN,2.06,1.72,1.2,79.6,35.2,15.2,NaN,NaN,51.8,NaN,16.7,14.4,NaN,76.1,17.3,NaN,4.1,4.4,8.8,9.2,NaN,NaN,20.7,NaN,18.8,37.3,28.6,NaN,13.2,50.6,10.9,NaN,NaN,1113,87.5,91.6,NaN,NaN
Milwaukee WI,12505,NaN,22950,6805,NaN,NaN,2426,639,1055,NaN,NaN,NaN,1732,682,476,2119,20171,18.3,1101,0.91,0.94,0.97,3010,54.3,NaN,0.82,NaN,0.93,50.2,NaN,6,5.4,38.7,54.9,19.4,7.7,7.6,1.01,43.5,10.7,2.7,NaN,1.1,8,NaN,27,13,12.2,1.06,3.6,28.5,14.6,33.4,12.7,28.4,7.5,NaN,2110,NaN,88.5,90.9,87.5,87.5
Minneapolis MN,NaN,38680,NaN,6799,6250,955,2111,319,796,84,6450,2392,1559,NaN,332,1558,NaN,15.3,1258,0.87,0.78,NaN,NaN,44,56,0.67,0.72,0.93,41.9,NaN,5.9,NaN,NaN,59.5,16.6,4.8,8.2,NaN,36.1,8.6,1.6,NaN,0.2,7,10.8,NaN,NaN,12.1,0.56,2.8,26.5,12.5,27.2,11,23,NaN,1932,1728,204,NaN,95.1,87.6,87.6
Minot ND,845,31473,16852,NaN,4998,791,931,249,1059,NaN,5066,NaN,1436,NaN,214,1079,15159,14,1079,NaN,0.72,0.95,2109,39.7,53,0.57,0.65,0.89,38.5,4.6,4.3,0.3,33.8,47.5,13.6,4.4,NaN,NaN,NaN,7.5,NaN,1,0.1,NaN,8.7,17.2,5.5,NaN,0.53,3.6,27.1,NaN,15.1,6.4,9.7,NaN,1541,1275,266,95.6,99.2,94.6,94.6
Missoula MT,1958,35749,17571,8193,4312,1581,1819,NaN,NaN,NaN,7435,1975,1642,468,309,NaN,15876,13,NaN,NaN,0.66,1.08,2053,39.1,52,0.56,0.64,0.88,NaN,7.9,6.8,1.1,27.7,44.9,14.6,5,6.2,NaN,32,7.2,1.8,1.6,NaN,NaN,8.1,NaN,6.8,8.9,0.76,4.8,25.9,12.6,22.2,10.8,NaN,4.9,2462,2013,449,90.8,95.9,88.4,88.4
Mobile AL,3824,43298,21690,6088,NaN,NaN,5284,613,1560,224,NaN,3223,1923,641,437,NaN,18573,20.6,903,0.84,1.05,0.8,3260,63.2,52,NaN,NaN,0.86,56.4,14.6,NaN,4.6,NaN,46.8,21.9,9.4,NaN,NaN,50.9,12,3.5,NaN,0.9,8.5,NaN,31,16.4,NaN,1.37,8.2,31.6,19.5,44,27.3,32.8,8,2598,2167,431,88,92.8,NaN,NaN
Modesto CA,2301,48401,NaN,NaN,5296,NaN,1326,1157,1408,311,9139,NaN,NaN,728,481,2876,27616,17.1,1615,1.24,0.87,NaN,3350,53.7,62,0.91,0.88,1.04,NaN,14.7,6.1,8.6,NaN,47.5,19.4,7,9,0.77,41.8,NaN,3.5,1.6,1.9,6.9,9.4,25,10.4,NaN,0.79,4.2,NaN,19.8,21.1,8.3,22.3,NaN,2833,2456,377,87.2,91.5,87.3,87.3
Monroe LA,NaN,54199,NaN,7270,11535,4640,1281,1258,1687,288,NaN,3487,1943,750,506,2733,NaN,24.1,NaN,NaN,1.23,0.84,NaN,73.3,50,1,1.2,NaN,65.9,19.9,NaN,7.5,46,52.9,NaN,7.9,11.1,0.71,60.6,NaN,4.5,3,1.5,NaN,11.2,37.7,15.1,19.6,0.77,16.5,NaN,21.6,21.9,10.7,28.2,7.3,3022,NaN,477,77.1,NaN,74.1,74.1
Montgomery AL,2331,41461,19429,7574,6640,2397,2770,787,1512,353,9830,NaN,NaN,NaN,549,3463,16988,16.9,NaN,0.76,NaN,NaN,NaN,51.7,NaN,0.78,0.84,0.93,46.2,8.1,7.6,0.5,38.1,51.5,18.6,7.1,7.8,0.92,NaN,10,2.1,2,0.1,7.9,9.3,24.7,10.8,12.1,0.9,NaN,34.3,17.4,31.5,NaN,22,NaN,3010,2582,428,79,84.1,NaN,NaN
Morgantown WV,2490,39797,22975,5551,5233,1602,2359,NaN,1220,137,6690,NaN,1359,598,311,1602,NaN,NaN,1038,0.92,1,0.91,2912,52.7,55,NaN,0.86,NaN,53.9,16.4,6.8,NaN,37.4,NaN,NaN,5.6,9,0.62,47.9,NaN,3.8,1.8,2,NaN,NaN,25.2,NaN,13.9,0.64,NaN,33.6,20.4,28,15,22.5,6.5,2178,1840,338,90.6,94.8,88.8,88.8
Morristown NJ,4609,NaN,NaN,8420,NaN,2352,1960,473,1059,358,11906,5294,2207,1100,675,2630,26919,24.2,1111,NaN,1.24,NaN,5296,79.6,67,1.44,1.3,1.11,66.4,19.3,8.1,11.3,NaN,55.2,NaN,13.1,9.5,1.37,58.7,14.8,4.7,2.1,2.6,10.1,10.6,NaN,NaN,14.5,1.69,6.5,NaN,22.4,26.9,9.3,NaN,9.8,3328,3054,274,NaN,94.7,91.9,91.9
Muncie IN,1110,38751,20381,6764,6838,1039,1531,553,1416,229,7179,2590,1565,508,NaN,2098,18146,NaN,1087,0.82,0.85,0.96,NaN,50.2,NaN,0.73,0.82,0.89,45.7,13,5.6,7.4,32.7,71.1,17.7,7.7,6.4,1.21,40.4,9.6,2.9,NaN,1.4,NaN,12.6,23.9,NaN,10.8,NaN,3.3,NaN,18.5,20.1,NaN,NaN,6.2,2339,1954,NaN,NaN,96,90.6,90.6
Munster IN,NaN,53383,31278,NaN,8101,NaN,1742,822,1180,225,10324,4417,1934,774,NaN,2699,NaN,25,1079,1.21,1.28,NaN,4420,76.6,NaN,1.21,1.25,0.96,68.5,28.1,NaN,18.7,40.4,61.5,NaN,12.2,10.8,1.13,NaN,14.4,6.2,2.4,3.8,NaN,10.8,40.4,21.5,17.1,NaN,7.7,34.6,26.2,NaN,10.1,37.4,8.9,3173,2840,NaN,85.9,88.8,84.6,84.6
Muskegon MI,1613,38920,17245,7671,6798,2273,NaN,625,1098,NaN,NaN,2648,1591,542,NaN,2317,15188,13.1,1158,NaN,NaN,1.02,NaN,44.1,61,NaN,0.72,1.02,35.9,6.1,4.6,1.4,NaN,45.1,17.2,NaN,8.6,0.57,30.8,7.1,1.4,1.1,0.3,NaN,NaN,19.8,5.7,12.4,0.46,6.5,21.3,10.9,NaN,18.4,NaN,6.7,2267,1979,288,NaN,96.6,92.8,92.8
Napa CA,1443,44898,NaN,NaN,5321,2037,1919,NaN,1376,171,8086,2851,1866,555,346,2469,NaN,14.4,1608,1.04,0.73,1.42,3004,47.3,64,0.82,0.77,1.06,NaN,8.8,6.4,2.4,30.6,42.2,18.2,6,8.3,0.73,NaN,NaN,2.2,1.7,0.5,6.4,9.3,21.9,8.6,11.6,NaN,NaN,27,13.7,24,9.8,NaN,6.1,2484,2131,353,87.4,93.4,NaN,NaN
Nashville TN,11817,44069,23868,6406,NaN,2977,1346,849,1493,NaN,8158,3075,1551,NaN,NaN,2453,21365,20.4,1046,0.96,1.04,NaN,3085,55,56,0.84,0.9,0.94,NaN,14.9,8.7,6.2,41.1,68.4,19.3,6.5,8.9,NaN,50.1,11.8,3.5,NaN,1.3,8.3,12.6,26.3,10.4,NaN,0.76,8.5,35.6,NaN,20.2,8,22.4,NaN,2677,2271,405,86.4,NaN,83.2,83.2
Neenah WI,1311,34100,17191,NaN,5238,1022,1852,442,937,152,7090,NaN,1627,NaN,361,2505,15452,12.9,NaN,0.69,0.66,NaN,2055,NaN,53,0.56,0.63,0.88,35.4,NaN,4,NaN,31,51.7,14.7,NaN,6.2,0.8,29.6,7.5,1.2,1.1,0.1,6.3,9.4,17.3,6.2,9.6,NaN,NaN,NaN,11.1,25.9,9.9,15.6,5.7,2084,1850,233,89.7,NaN,84.1,84.1
New Brunswick NJ,4341,61446,39024,7934,8376,2079,1954,NaN,982,394,NaN,6653,2326,NaN,714,2568,33146,NaN,1123,1.49,1.51,0.99,NaN,105.4,NaN,1.81,1.72,1.05,80.9,30.5,14.5,NaN,50.4,61.1,33.1,17.9,10.2,1.76,75.5,18,NaN,3.9,3.5,NaN,11.1,NaN,38.9,15.8,2.46,NaN,41.2,29.5,27.8,9.5,48.6,NaN,3820,3561,258,95,96.8,94.6,94.6
New Haven CT,7374,54938,28309,NaN,10506,3010,2151,1463,1091,416,10802,NaN,2019,990,590,3318,NaN,19.7,1282,1.13,1,1.13,3890,58.9,66,1.06,0.96,1.1,53.9,10.8,7.7,3.1,NaN,NaN,20.7,7.7,8.6,0.89,46.9,NaN,2.7,NaN,NaN,NaN,NaN,28.5,13,13.1,1,10.2,31.8,17.3,26.9,NaN,33.6,8,3095,2813,282,NaN,92.1,86.8,86.8
New Orleans LA,2691,62144,29855,NaN,NaN,5127,2110,1028,1575,356,10169,4696,1955,801,591,2127,25482,23.1,1101,1.15,1.18,0.97,4697,86.7,54,NaN,NaN,0.9,NaN,13.2,9.8,3.4,50.2,46.1,NaN,12.5,NaN,1.35,55.8,13.7,3.5,NaN,0.7,NaN,NaN,NaN,27.1,16.2,1.67,13.6,NaN,18,33.2,12,43.3,9.6,3108,2669,440,84.4,91.1,85.3,85.3
Newark NJ,6544,65928,45037,NaN,7510,2444,1570,910,945,361,13094,6811,2356,1051,642,2234,NaN,NaN,NaN,NaN,1.69,NaN,6811,104.2,65,1.86,1.7,1.09,90.7,24.6,16.3,NaN,66.1,56.1,NaN,16.5,12.6,1.31,82.4,20.4,NaN,4.3,1.9,14.1,NaN,58.8,NaN,20.5,1.72,NaN,NaN,29.4,23.5,7.9,45.8,9.9,3715,3456,NaN,NaN,93,91.1,91.1
Newport News VA,2629,34215,17896,NaN,4481,1728,953,503,1149,188,NaN,NaN,NaN,535,479,2490,15409,17.4,883,0.69,0.89,0.78,NaN,NaN,54,0.83,NaN,0.89,NaN,NaN,NaN,5.6,34.5,44.4,NaN,7.9,7.3,1.08,43,11.1,3.4,2.1,1.3,NaN,9.5,27.9,13.8,12,1.15,6.3,34.8,20.9,19.1,NaN,NaN,8,2581,2251,330,89.5,93.6,89.4,89.4
Norfolk VA,5645,38562,20612,7409,5154,1938,1217,706,1337,188,8735,3387,1706,659,450,2533,17689,19.5,909,0.8,NaN,0.8,3406,59.7,57,0.93,0.97,NaN,53.3,12.4,NaN,NaN,40.9,54.6,21.4,8.1,8.7,0.94,46.6,NaN,NaN,2,NaN,8.6,NaN,29.2,NaN,13.8,0.93,6.3,35.9,NaN,NaN,9,34.7,8.6,2838,2447,NaN,NaN,94.7,86,86
Ocala FL,4027,41181,20055,8473,5972,2043,NaN,NaN,NaN,315,10518,NaN,2751,NaN,NaN,NaN,17027,15.9,1071,NaN,0.81,NaN,3606,58.3,62,0.98,0.95,1.03,43.6,9.6,6.2,3.5,33.9,NaN,22.4,9.4,8,1.17,38.2,9.8,NaN,1.7,NaN,7.3,11.7,28.4,14,11.6,1.22,6.6,26.7,NaN,41.1,14.2,32.1,7.7,NaN,2908,397,NaN,89.8,85.8,85.8
Odessa TX,1509,45742,22670,NaN,5808,2937,4579,NaN,1755,249,NaN,2979,1827,885,455,2236,20061,19.2,NaN,0.9,0.98,0.92,NaN,58.5,NaN,0.83,NaN,NaN,52.7,18.7,12.7,6,34,28.5,19.8,8.1,8,1.01,50.5,11.2,4.3,NaN,1.4,NaN,5.4,27.5,NaN,NaN,1.11,10.2,27.9,17.5,49.1,24.1,16.3,5.9,2791,2315,NaN,82.6,NaN,73.8,73.8
Ogden UT,1212,38437,17056,6141,5103,NaN,5805,354,1438,117,6226,2008,1747,501,297,NaN,15397,NaN,1357,0.69,0.58,1.2,2013,34.4,NaN,0.55,0.56,0.98,31.1,9.4,NaN,2,NaN,45.6,14.1,5,5.7,NaN,29.3,6.5,2.2,NaN,0.4,4.3,8,14.5,NaN,7.8,0.74,8.8,NaN,13.3,50,NaN,12.9,5,2006,1638,NaN,90.9,94.1,90.3,90.3
Oklahoma City OK,9782,45624,23233,NaN,6779,2749,4225,565,1382,NaN,7790,2806,1673,691,357,2262,20651,20.9,990,0.93,NaN,0.87,2840,54.6,52,0.77,0.89,0.87,57.2,NaN,7.2,3,46.9,41,NaN,NaN,7.3,0.99,49.1,11.8,2.6,NaN,NaN,NaN,NaN,26.8,NaN,12,1.1,8.6,32.4,17.4,38.7,23.8,18.4,5.8,2472,2100,372,87.3,NaN,85.3,85.3
Olympia WA,1402,NaN,18393,8077,5227,NaN,2109,NaN,1174,NaN,7857,2299,1473,628,NaN,3039,NaN,11.2,1509,0.76,0.57,NaN,2359,NaN,NaN,0.64,0.61,1.05,30.6,9.6,7.4,2.2,21,41.9,14.3,NaN,6,0.83,NaN,6.7,2.1,NaN,0.5,4.5,8.9,NaN,6.8,8.5,0.8,3.8,24.7,14,26.8,10.9,14.4,NaN,2364,2062,302,86.5,NaN,83.6,83.6
Omaha NE,6499,39265,NaN,7923,5931,NaN,1661,364,1271,128,NaN,2621,1687,560,346,2225,18581,16.9,1097,0.84,0.86,NaN,2699,54.8,49,NaN,0.89,0.82,46.4,12.7,7,NaN,NaN,50.2,18.4,NaN,8.1,NaN,41.5,NaN,3.2,1.8,NaN,7.1,9.5,27.9,NaN,14.1,0.85,3,29.7,16.7,26.7,9.9,NaN,6.8,2321,1990,330,91.3,NaN,NaN,NaN
Orange County CA,5850,65247,34141,10529,11367,3037,2830,1342,1602,400,NaN,5960,2750,NaN,798,3964,NaN,NaN,1388,1.31,1.07,1.22,5963,88.4,NaN,1.63,1.44,1.13,57.6,25.7,13.6,12.2,31.9,NaN,31.5,15.3,NaN,1.36,56.4,12.4,6,3.4,2.6,NaN,10.8,NaN,27.6,NaN,NaN,7.2,32.6,24.5,36.1,12.9,NaN,8.8,4137,3723,413,88.2,94.3,NaN,NaN
Orlando FL,16088,48384,24324,NaN,7325,2177,3715,569,1459,327,NaN,4384,2461,1119,NaN,2627,20654,19.1,NaN,0.93,0.97,0.95,4402,70.7,NaN,1.2,NaN,1.04,52.2,22,NaN,12.6,NaN,62.6,25.8,11.3,9.8,NaN,49.4,11.7,5.3,2.5,2.8,6.4,11.9,36,NaN,14.6,1.31,6.2,NaN,20.2,42.4,18.3,37.2,8.8,3419,3027,392,NaN,NaN,85.9,85.9
Ormond Beach FL,2055,41475,NaN,8062,6139,1924,2747,445,1260,334,8768,3641,2051,915,494,NaN,17678,16.7,1061,0.79,NaN,0.94,3645,58.3,NaN,NaN,0.95,1.04,NaN,19.2,10.1,9.1,26.4,NaN,21.8,8.2,NaN,0.89,NaN,10.5,NaN,2.8,2.2,5.5,10.6,29.6,13.7,13.7,1,5.2,26.4,NaN,NaN,15.2,31.6,7.9,2691,2359,NaN,85.3,87.6,NaN,NaN
Owensboro KY,861,36768,19425,6471,5822,1368,1463,721,1240,259,7579,2583,1593,NaN,486,2246,17128,17.4,NaN,0.77,0.89,0.87,NaN,55.1,47,0.7,NaN,0.78,NaN,10.7,5.6,5.1,36.8,72.6,19,7.8,NaN,1.07,41.2,9.9,2.6,1.5,1.1,7.3,13.9,26.6,12.8,NaN,1.08,3.9,31.7,15.2,NaN,10.7,NaN,6.2,NaN,NaN,337,NaN,85.9,NaN,NaN
Oxford MS,862,39346,21417,6180,4275,NaN,NaN,332,NaN,171,6778,2761,1491,NaN,NaN,1595,NaN,24.9,755,0.85,1.27,0.67,2839,59.4,48,0.77,0.97,NaN,68.2,12.1,6.4,5.7,56.1,49.3,18.7,6.8,7.9,NaN,57.4,14.3,3.1,1.8,NaN,NaN,NaN,29.2,NaN,13.9,0.92,10.1,NaN,21,20.3,10.7,19.1,6.1,2375,1896,479,81.8,84.5,76,76
Paducah KY,2767,37611,19657,6475,NaN,2306,NaN,542,1196,202,7315,2682,1593,NaN,NaN,2075,NaN,18.5,933,0.78,0.94,0.82,2729,54.2,50,0.74,0.88,NaN,50.7,9.4,6.4,3,41.3,70,NaN,NaN,8.3,NaN,43.6,10.8,2.2,1.7,0.6,8.5,12.8,25.6,9.5,14.1,0.67,8.2,NaN,18.2,22.4,8.6,16.6,5.7,2366,2039,328,88,91.2,NaN,NaN
Palm Springs/Rancho Mirage CA,1269,56997,32308,10566,6329,1888,3544,679,1372,310,12379,NaN,NaN,1523,NaN,3300,28533,19.5,1462,1.28,1,1.29,NaN,70,63,1.2,1.14,NaN,53.5,26.2,11.1,15.2,27.2,44.7,26,11.9,NaN,1.39,NaN,NaN,6.2,2.8,3.4,5.9,8.6,35.1,19.7,12.5,NaN,NaN,29.8,22,NaN,15.7,NaN,7.7,NaN,3280,363,82.8,NaN,88.4,88.4
Panama City FL,1137,44535,21975,7422,6951,2279,3878,167,1671,NaN,8869,3548,2270,695,NaN,NaN,NaN,17.7,1065,0.85,0.9,0.94,3614,NaN,60,0.99,0.98,1,48.4,11.4,NaN,3.5,37,53.3,22,9.6,7.9,NaN,43.1,NaN,2.9,NaN,0.9,7.7,9.5,29,15,NaN,1.32,8.1,26.3,14.7,43.7,20.5,26.6,NaN,NaN,2517,NaN,82.5,90,80.2,80.2
Paterson NJ,1749,59313,NaN,7467,8594,2376,1873,967,901,368,12365,6047,2352,956,636,2375,NaN,NaN,1130,NaN,1.43,1,6047,89.4,NaN,1.65,NaN,1.13,76.5,19.8,10.4,9.4,56.7,65,NaN,14.5,11.5,1.26,67.5,NaN,4.9,NaN,2.1,NaN,12.6,48.2,28.3,17.2,1.65,6.7,39.9,NaN,27.9,8.2,NaN,9.2,3483,3244,NaN,NaN,92.8,NaN,NaN
Pensacola FL,NaN,41898,NaN,7095,4566,1736,4566,600,1534,224,NaN,3315,2098,723,NaN,NaN,18707,18.6,1007,0.84,NaN,0.89,3355,55.6,60,0.91,NaN,NaN,NaN,14.5,NaN,4.8,36.3,51.2,20.5,8.8,NaN,1.21,NaN,11.1,3.7,NaN,1,7.4,9.6,27.3,14,10.8,1.29,5.3,31,20,43.5,21,27.7,NaN,2859,2428,NaN,83.8,89.3,83.8,83.8
Peoria IL,NaN,NaN,20686,7142,5582,NaN,1418,533,1194,156,7520,2572,1720,545,363,2320,18324,17.6,1039,0.82,0.9,NaN,NaN,50,53,0.72,0.82,NaN,48.3,9.2,7.1,NaN,39.1,NaN,17.4,6.1,NaN,0.85,42.1,NaN,2.5,1.9,0.6,8.2,11.8,24.2,10.3,11.8,0.87,4.7,32.8,NaN,NaN,9.2,20.6,NaN,2286,1974,311,89.7,94.1,87.7,87.7
Petoskey MI,1141,35329,18145,NaN,4144,2152,NaN,633,NaN,NaN,6548,NaN,1581,NaN,312,1752,16045,13.3,1203,0.72,NaN,1.06,NaN,45,56,0.69,0.73,0.94,36.6,9.2,4.2,5.1,27.3,38.1,NaN,4.5,NaN,0.54,31.8,7.5,2,1,0.9,5.5,6.5,20.2,6.3,12.1,0.52,NaN,NaN,13.8,36.5,15.8,17.8,6,2054,1791,263,87.5,NaN,NaN,NaN
Philadelphia PA,16691,NaN,35543,7679,7951,NaN,2383,1185,1182,372,11887,5484,2194,930,590,2689,NaN,NaN,1245,1.39,NaN,NaN,NaN,85,65,1.5,NaN,1.08,67.9,26.3,9.9,16.4,41.6,53.9,28,13.3,9.9,1.35,NaN,14.9,6.3,2.8,3.5,8.6,NaN,43.7,24.9,15.3,1.63,6.2,33.9,NaN,NaN,12,50.7,11.4,3359,NaN,313,87.8,93,NaN,NaN
Phoenix AZ,7765,43514,NaN,7230,5442,NaN,NaN,899,1164,307,NaN,3344,2142,945,524,2344,19906,15.1,NaN,0.9,0.77,1.16,3357,54.3,NaN,0.92,0.89,1.03,41.3,12.9,6.5,NaN,28.4,36.5,NaN,8.5,8.4,1,37.5,9.1,3.1,1.8,1.3,6,7.1,27,NaN,12.2,NaN,3.8,23.6,15,47.3,NaN,29.3,7.5,2809,2500,NaN,86.3,91.3,85.5,85.5
Pittsburgh PA,16913,NaN,26718,6529,8002,2783,1731,1139,1217,186,9561,4067,NaN,705,NaN,2579,22896,22.4,NaN,NaN,1.14,0.9,4081,73.1,56,1.11,1.19,0.93,61.4,15.3,NaN,6.8,46.1,56.9,24.4,10.2,9.5,1.07,54.1,13.1,3.7,2.3,1.4,NaN,NaN,38.3,19.2,15.6,NaN,7.3,32.8,NaN,26.8,10,39.9,9.3,2832,2505,327,88.5,NaN,NaN,NaN
Pontiac MI,NaN,NaN,NaN,7845,5821,2895,2995,684,NaN,253,10644,4567,NaN,1070,NaN,2080,NaN,20.6,NaN,NaN,1.05,1.1,NaN,70.3,65,1.25,1.15,1.09,56.5,12.6,6.5,6.1,44,44,24.6,9.8,10.1,0.97,NaN,12.2,3.2,1.9,1.4,9,7.6,35.2,16.6,15.8,1.05,6.5,30.5,19,NaN,15.1,43.7,9.7,NaN,2811,320,90.6,NaN,94.1,94.1
Portland ME,NaN,39846,20138,7306,6228,NaN,1544,842,NaN,176,6722,2515,1471,NaN,390,1807,18037,16.5,1091,NaN,NaN,0.96,NaN,44.4,59,0.71,0.73,0.98,45.3,7,6.7,0.3,38.3,55.5,16.4,5.7,7,NaN,39,9.7,1.7,1.7,0.1,8,NaN,20.4,8.2,NaN,0.77,9,31.8,14.4,NaN,8.1,21.7,6.5,2073,NaN,NaN,89.8,94.2,89.7,89.7
Portland OR,NaN,NaN,NaN,6917,3885,1819,NaN,823,1114,125,NaN,2384,1524,552,307,NaN,18097,12.2,1481,0.81,0.62,NaN,2441,38.6,63,NaN,0.63,1.06,33.5,6.5,5.6,0.9,NaN,31.5,15.1,5.1,6.6,0.77,29.5,7.4,1.6,1.4,0.2,NaN,6.1,17.3,6.7,9.3,0.72,4.3,24.9,13.5,NaN,14.4,18.3,6,NaN,1838,287,87.9,94.4,86,86
Providence RI,5246,47778,25177,7324,NaN,2551,1604,1316,864,NaN,NaN,3589,NaN,NaN,574,2290,22301,19.3,NaN,1,0.98,1.02,3596,53.6,NaN,NaN,0.87,1.12,52.8,9.5,NaN,1.8,43.2,68.2,19.9,6.8,8.9,NaN,45.9,11.7,2.5,2.1,0.4,9.2,12.5,25.8,NaN,NaN,0.72,7.6,NaN,16.2,26.3,8,34.6,8.1,2493,NaN,225,89.2,94.2,89.8,89.8
Provo UT,1186,NaN,17607,6854,5169,5914,4568,NaN,1421,119,6794,2095,NaN,583,NaN,1886,15746,12.4,NaN,0.71,0.63,NaN,2113,35.9,59,NaN,NaN,NaN,33.9,8.8,8.4,NaN,25.1,42.5,14.7,5.4,5.8,0.93,31.8,7,2.2,2.1,NaN,4.8,8,15.5,NaN,8.2,NaN,22.9,22.6,13.2,48.2,23.8,NaN,4.9,2063,1694,369,NaN,91.5,83,83
Pueblo CO,706,40051,20736,6479,6345,1902,NaN,447,1950,319,7292,2952,1676,583,445,1636,NaN,NaN,1159,0.82,0.8,1.02,2997,NaN,56,NaN,0.88,0.93,43.2,NaN,5.4,4,33.8,NaN,18.7,6.3,8.6,NaN,NaN,NaN,2.2,NaN,0.9,6.9,10.9,25.3,9.5,NaN,0.68,NaN,27.1,14.1,25.4,11.5,25.2,6.8,2460,1938,523,93.3,97.5,92.4,92.4
Raleigh NC,7034,41914,NaN,7140,5340,1821,2151,661,NaN,215,7651,NaN,1575,616,423,NaN,20662,20.1,NaN,0.93,NaN,0.91,3006,53.8,NaN,0.82,0.88,0.93,54.9,14.3,8,6.2,NaN,53.1,19.3,6.9,NaN,0.82,48.8,12.1,NaN,2.1,NaN,NaN,10,26.2,10.8,13.3,0.81,NaN,38,20.1,25.5,12.8,27.4,NaN,NaN,2157,383,87,91.6,87,87
Rapid City SD,NaN,34132,18843,6034,NaN,1346,1214,329,1239,259,NaN,2269,1584,467,347,NaN,NaN,16.1,1045,0.76,0.82,0.92,2392,44.6,54,NaN,0.73,0.9,44,10.9,10.3,0.6,33.2,NaN,16.7,5.3,7.8,0.68,40.9,9.2,2.5,2.3,0.2,NaN,8.3,20.8,7,12.5,NaN,3.6,29.6,13.1,NaN,NaN,19,5.9,NaN,1410,317,NaN,90.6,82.5,82.5
Reading PA,3492,40266,21286,6556,7297,1782,1461,647,1063,173,8430,3376,1797,617,NaN,2268,18381,20.8,NaN,0.83,NaN,0.78,NaN,NaN,57,NaN,0.97,0.95,57,10,5.8,4.2,47,65,20.2,7.6,NaN,0.91,48.1,NaN,NaN,NaN,NaN,10.1,12.9,29.1,12.5,13.6,0.92,NaN,34.1,18.3,23.2,8.6,36.9,8.6,2524,2249,NaN,NaN,93.1,85.5,85.5
Redding CA,2000,44800,26081,NaN,4687,NaN,1689,NaN,1629,NaN,8178,2726,2039,847,448,2117,23842,15.8,1505,1.07,NaN,NaN,2915,NaN,NaN,0.79,0.8,1,43.4,14.4,6.4,8,29,NaN,18.7,6.7,8.4,NaN,39.3,9.1,NaN,1.7,1.7,5.7,8,NaN,7.9,12.1,0.66,5.7,30.1,16.8,25.6,10.3,16.3,5.7,2564,2142,422,89.1,NaN,87.9,87.9
Reno NV,2613,NaN,20354,7214,7834,NaN,NaN,814,1720,268,NaN,3003,1851,NaN,364,2020,18084,NaN,1274,0.81,0.72,1.12,3123,50.8,61,0.85,0.83,1.03,38.9,11.5,7.9,3.6,NaN,35.8,18.5,8,7,1.13,36,8.6,NaN,2,NaN,5.8,7.1,NaN,11.7,NaN,NaN,5.3,28.1,15.3,NaN,10.5,26.2,7.2,2567,2122,444,87.4,93.3,86.9,86.9
Richmond VA,7547,NaN,22442,5984,4854,1911,NaN,489,1302,194,7433,3073,NaN,617,400,1744,19634,20.4,962,0.88,1.04,0.85,3108,NaN,54,0.85,0.93,0.91,55.9,16.5,8.8,7.6,39.5,44.6,19.6,7.9,7.7,1.02,50.5,12.2,NaN,2.4,1.6,8.3,NaN,NaN,13.7,12.5,1.1,NaN,NaN,19.9,26.5,10.3,NaN,NaN,2418,NaN,372,85.8,NaN,87.5,87.5
Ridgewood NJ,1985,NaN,37396,8768,10044,2557,NaN,1108,1212,360,NaN,6222,NaN,1210,736,3008,32076,NaN,NaN,1.44,NaN,NaN,6227,89.9,69,1.7,1.47,NaN,74.7,NaN,12,2.8,NaN,68,32,15.1,11.6,1.31,65.8,16.9,4,3.4,0.6,NaN,NaN,47.8,27.8,17.4,1.6,7,40.2,20.9,22.2,8.8,NaN,10.5,3899,3588,311,88.4,94.3,85.2,85.2
Roanoke VA,4359,37312,21106,5991,NaN,1829,1565,NaN,1243,NaN,7339,2913,1525,NaN,393,2006,18482,NaN,881,0.83,1.07,0.78,2945,NaN,53,0.8,NaN,0.88,57.5,17.1,8.4,8.7,40.4,NaN,18.5,6.5,NaN,NaN,51.6,12.8,4.2,2.3,1.8,8.7,10,28,12.4,13.5,0.92,5.5,37.6,23.1,NaN,11,27.8,NaN,2325,1983,342,NaN,NaN,NaN,NaN
Rochester MN,2318,38873,22812,NaN,6554,504,1780,461,794,29,NaN,2189,1422,660,358,956,20919,14.9,1407,NaN,0.76,NaN,2215,38.8,NaN,0.6,0.63,0.95,40.7,NaN,9.6,1.2,NaN,58.6,14.8,NaN,6.5,0.77,38.1,8.4,2.4,2.2,NaN,6,NaN,NaN,6.8,9.4,0.72,1.9,26.1,NaN,24.4,9.9,22.1,NaN,1660,1456,NaN,93.8,96.4,94.1,94.1
Rochester NY,4724,36824,20681,5927,4542,2112,NaN,NaN,1028,157,6709,2653,1546,NaN,NaN,1438,18478,19,973,0.83,0.97,0.86,2664,44.9,59,0.73,0.73,NaN,52,8.6,7.7,1,43.4,46.8,NaN,4.8,NaN,0.59,45,NaN,2.2,NaN,0.2,8.9,NaN,21.1,6.7,12.7,0.53,7.9,29.2,NaN,NaN,NaN,22,6.5,1966,1704,262,88.6,94.8,87.1,87.1
Rockford IL,3922,39037,21382,NaN,5701,1457,NaN,528,NaN,140,7171,2742,1684,538,346,1862,18931,17,1115,NaN,NaN,NaN,2758,50.4,55,0.75,NaN,NaN,46.5,9.9,7.8,2.1,36.6,NaN,18.6,6.6,NaN,0.82,NaN,9.9,NaN,1.9,NaN,7.5,9.2,24.2,10,12.5,0.8,4.3,28.2,14.7,29.9,10.3,NaN,6.8,2236,1958,278,90.6,94.9,91.1,91.1
Rome GA,1569,38471,21306,6375,4543,NaN,2354,336,1326,208,7200,NaN,1761,775,433,NaN,18923,17,NaN,0.85,0.87,NaN,NaN,48.6,55,0.73,0.79,0.93,46.5,NaN,8.6,3.1,34.8,44.1,17.3,6.7,NaN,NaN,42.1,10.5,3.1,NaN,NaN,7.4,8.2,23.4,NaN,10.8,NaN,5.9,34.6,18,34.6,15.8,24.8,7,NaN,1975,363,85.3,NaN,81.2,81.2
Royal Oak MI,NaN,53797,30541,7830,7603,2988,2701,722,1168,245,11875,5290,2423,1116,676,NaN,26146,23.1,1130,NaN,1.18,1,5292,80.8,66,1.44,1.32,1.09,63.4,12.2,7.1,NaN,51.2,58.7,28,11.2,11.8,0.95,54.1,NaN,3.2,2,NaN,11,11,NaN,NaN,18.3,1.1,7,29.7,17.2,NaN,13.6,NaN,NaN,3422,3110,NaN,NaN,95.7,95.6,95.6
Sacramento CA,5966,NaN,25455,NaN,NaN,1917,1643,812,1418,246,NaN,2955,1839,811,397,2117,23130,15.1,1531,NaN,0.77,1.35,2976,49.2,60,0.81,NaN,1.01,NaN,NaN,6.3,7.8,27.3,45.5,18.3,6.6,NaN,0.82,37.7,9.1,3.3,1.6,1.7,5.7,NaN,22.6,9.5,11.7,NaN,4.3,30.7,NaN,23.8,8.9,23.5,6.6,NaN,NaN,367,89.2,94.5,88,88
Saginaw MI,4478,41947,21983,7197,NaN,2196,2402,618,NaN,198,7651,NaN,1760,NaN,425,1636,19254,NaN,1074,NaN,NaN,NaN,3168,55.4,57,0.86,0.9,0.95,49.1,13.9,6.9,7,35.2,51.1,NaN,NaN,9.7,NaN,43.8,10.4,NaN,1.8,1.4,NaN,9.4,26.9,9.3,15.5,0.6,6.7,26.9,17,NaN,14.6,28.3,7.4,2428,2110,318,87.6,91.2,84.7,84.7
Salem OR,793,32553,NaN,6942,2879,1674,NaN,767,NaN,141,6818,2176,1484,512,364,2283,15561,11.7,1327,0.7,0.6,NaN,2197,NaN,57,0.6,NaN,0.96,32.1,9.2,4,5.2,23,23.4,14.7,5.4,NaN,0.94,28.4,7.4,2.1,1.1,1,5.2,4.9,NaN,7.5,8.7,0.86,5.2,25.8,13.6,35.5,10.8,17.7,NaN,NaN,1758,NaN,85.3,NaN,84.3,84.3
Salinas CA,1360,NaN,31311,8665,6316,3224,2492,715,1122,189,9879,3319,2283,677,417,NaN,NaN,17.4,1639,1.28,0.89,1.44,3371,59,57,0.92,0.96,0.95,NaN,19.1,NaN,NaN,28.5,43.3,20.7,9.5,6.9,1.38,43.1,NaN,4.6,1.6,3,NaN,NaN,28.1,16.1,10.1,1.59,NaN,29.3,NaN,34.8,10.2,NaN,7.1,NaN,2665,297,88.1,NaN,86.7,86.7
Salisbury MD,2737,44194,26281,NaN,NaN,NaN,1247,722,1005,139,8279,3688,1863,833,335,1561,23142,18.9,NaN,NaN,0.97,1.08,3704,NaN,59,1.01,1.03,0.99,51.9,11.9,NaN,5.3,NaN,50.6,21.9,8.8,8.6,1.03,NaN,11.6,3,1.8,1.2,8.6,9.8,31.2,14.7,13.7,1.07,4.4,33,18.7,NaN,9.1,34.9,8.6,2657,NaN,NaN,NaN,91.5,82.2,82.2
Salt Lake City UT,5833,38773,17194,6231,NaN,3209,NaN,NaN,1543,173,6123,2170,1697,536,306,1414,15431,11.6,NaN,0.69,0.59,NaN,2205,36.2,61,0.6,0.59,1.02,31.8,8.1,6.4,1.7,23.7,51.2,14.5,5.3,5.9,0.9,29.1,6.8,NaN,1.6,0.4,4.8,NaN,15.8,6.6,NaN,0.82,9.6,NaN,NaN,38.6,NaN,14.7,5.3,1956,NaN,395,86.3,NaN,84.1,84.1
San Angelo TX,NaN,37785,17486,5732,6276,2246,4011,413,1322,NaN,6084,NaN,1527,604,NaN,1118,15539,NaN,1034,0.7,0.77,0.91,2521,47.1,54,0.69,NaN,0.89,41.2,11.8,9.1,2.7,NaN,33.5,15.8,5.3,NaN,0.76,NaN,8.4,2.8,2.2,0.6,5.6,5.8,21.2,8.2,11.9,0.69,NaN,21,NaN,49,24.7,14.1,5.4,1996,1647,349,90.2,95.4,NaN,NaN
San Antonio TX,7652,50586,25074,NaN,7676,2920,3195,NaN,1664,531,10915,3818,2084,916,601,3497,NaN,20.5,1060,0.98,1.05,0.93,3889,65.9,59,1.06,1.07,0.99,56.1,20.7,11.5,9.2,35.5,49.1,23.5,9.6,9.6,1.01,53,11.7,4.8,2.9,1.9,6.9,NaN,NaN,16.2,14.5,NaN,9.4,NaN,NaN,38,17.3,28.9,7.5,3318,2877,NaN,NaN,NaN,79.6,79.6
San Bernardino CA,4178,54821,30915,6905,8779,2248,3060,NaN,1562,NaN,10469,4477,2102,760,563,2567,27011,19.1,1413,NaN,0.98,NaN,4484,69.5,NaN,1.22,1.13,1.08,52.4,21.8,NaN,11.9,NaN,NaN,25.2,10,NaN,0.88,49.6,11.5,5.2,2.6,2.6,6.3,10.1,36.2,17.4,16.7,NaN,NaN,29.7,21.9,37.5,15.4,27.8,7.3,3203,2778,425,NaN,89.7,84.6,84.6
San Diego CA,6752,52921,NaN,8134,7352,2340,3892,906,1432,335,10575,NaN,2291,969,NaN,2611,25258,NaN,1369,1.14,NaN,1.21,4101,63.9,64,1.12,NaN,NaN,50.5,22.7,8.6,14,27.9,46.8,23.8,10.3,8.9,1.16,47.9,10.9,5.2,2.3,2.9,5.7,8.6,NaN,16.1,12.1,NaN,NaN,28.7,21.1,NaN,NaN,30.6,7.7,3099,2726,373,84.5,NaN,86,86
San Francisco CA,NaN,57069,35769,6839,7772,2739,1733,969,1035,NaN,9102,4407,1861,687,379,NaN,32279,18.7,1729,1.45,0.95,1.52,4435,64.1,69,1.21,1.05,1.16,51.2,16.6,9.3,7.3,34.6,45.3,23.1,NaN,10.2,0.88,NaN,NaN,4.1,2.5,NaN,7.1,9.1,NaN,14.5,NaN,0.97,5.8,NaN,22.6,NaN,7.6,31.7,NaN,2624,2352,272,88.4,94.4,89.5,89.5
San Jose CA,2811,55490,NaN,NaN,7531,2190,NaN,881,NaN,NaN,10208,4194,2128,820,520,2546,29553,NaN,1606,1.33,NaN,1.41,4234,58.6,72,1.15,0.96,1.21,50.4,18.4,10,8.4,NaN,49.1,22.2,9.3,NaN,1.03,NaN,11.1,NaN,2.6,NaN,6.7,9.6,28,14,12.1,1.16,3.9,33.5,22.4,NaN,9,24.4,6.8,2932,2634,298,NaN,93.7,83.1,83.1
San Luis Obispo CA,1033,44795,22447,9659,5929,1746,2096,NaN,1567,289,11172,3349,NaN,981,NaN,3975,20322,14.9,1368,NaN,0.76,NaN,3396,50.9,NaN,0.93,NaN,NaN,NaN,15.6,9.6,6,25.1,45.1,19.2,7.9,7.3,NaN,39.2,9.5,NaN,2.6,1.4,5.5,9.4,NaN,11.6,10.7,NaN,3.7,NaN,15.5,34.1,11.2,21.4,6.6,3280,2897,383,92.1,95.4,NaN,NaN
San Mateo County CA,1782,53020,30457,NaN,NaN,NaN,2739,786,1097,197,9562,4479,2130,NaN,392,NaN,27097,NaN,1656,1.22,0.84,1.46,4487,62.4,NaN,NaN,1.02,1.2,44.8,17.7,9.5,NaN,27.1,42.2,23.6,9.8,9.5,1.04,42.8,NaN,NaN,2.4,1.7,5.5,NaN,30,15.3,12.8,1.2,5.4,31,22.2,28.1,10.9,29.4,7.4,2720,2444,276,88.5,94.8,NaN,NaN
Santa Barbara CA,1343,41596,20984,8620,NaN,NaN,NaN,862,1386,374,NaN,3329,2398,911,578,3058,18642,13.3,1402,0.84,NaN,1.24,3349,NaN,66,0.91,0.82,1.11,NaN,12.6,5.2,7.4,23.8,40,19.7,7.9,NaN,1.09,33.1,7.8,2.8,1.2,1.6,5,8.1,21.9,NaN,9.7,1.08,3.5,29.1,17.1,27.9,NaN,20.6,6.3,NaN,2636,NaN,NaN,88.8,86.9,86.9
Santa Cruz CA,843,46538,25100,NaN,6591,2798,2965,633,883,240,8455,3250,2041,700,501,1963,22686,14.8,1530,NaN,0.76,NaN,3256,50,65,NaN,0.82,1.09,NaN,NaN,4.2,10.2,26.2,44.3,19.1,NaN,NaN,1.16,36.2,8.4,3,1.1,NaN,5.4,8.5,22,NaN,9.4,1.19,4.9,26.6,15.7,36.4,12.5,21.4,6.3,NaN,2121,222,90,NaN,90.2,90.2
Santa Rosa CA,1376,45610,22870,8520,NaN,2304,3395,838,1576,311,9483,3243,NaN,879,488,2774,20626,13.9,1481,NaN,0.71,NaN,NaN,NaN,68,0.9,0.79,1.14,NaN,8.9,4.5,4.4,29.2,37.9,NaN,7,8.2,0.85,NaN,8,2.1,1.2,0.9,6,7.2,21,8.4,10.8,NaN,4.2,25.9,NaN,37,NaN,18.7,NaN,NaN,2330,385,84.5,92.7,83.9,83.9
Sarasota FL,3758,NaN,21417,10582,NaN,2319,3073,462,NaN,347,12280,NaN,3081,1307,684,3092,18308,15.4,1190,0.82,0.79,1.05,4125,64.9,64,1.12,1.06,NaN,42.1,17.3,NaN,NaN,24.8,54.8,24.4,NaN,7.6,NaN,41.4,9.4,4.2,2.8,1.4,NaN,10.1,32.1,18.5,11.2,1.65,6.7,24.1,16.5,NaN,14.7,33.6,8.2,3524,3208,NaN,87.4,91.9,86.4,86.4
Savannah GA,3707,41647,NaN,7107,3959,2063,3381,573,1312,235,8629,3216,NaN,749,NaN,2216,20182,19.3,1047,0.91,0.98,0.92,3233,NaN,NaN,0.88,NaN,0.88,NaN,15.3,NaN,6.4,NaN,39.2,20.3,9.2,6.8,1.36,47.9,NaN,3.8,2.3,1.4,NaN,7.4,30,16.7,11,1.53,NaN,30.7,19.3,41.4,19.1,27.1,7.1,2734,NaN,NaN,87.8,93.4,88.4,88.4
Sayre PA,1249,36067,20839,6494,4050,1428,NaN,579,1171,NaN,6930,2540,1612,NaN,392,1837,NaN,NaN,1000,0.83,NaN,0.88,NaN,47.3,55,0.71,0.77,0.92,50.8,8.4,7.8,NaN,42.4,42.2,17.4,5.2,NaN,0.62,NaN,NaN,2.2,2.1,0.1,NaN,NaN,22,7.8,12.5,NaN,4.6,33.1,16.1,24.9,8.1,19.8,6.2,2202,1895,307,89.5,94.5,85.1,85.1
Scranton PA,2438,41926,19841,6808,NaN,NaN,2408,795,1223,318,9165,NaN,1956,806,454,2374,NaN,18.7,894,0.75,0.96,NaN,NaN,62.4,58,0.99,1.02,0.97,51.3,NaN,5.8,1.2,44.4,NaN,21.6,8,9.7,0.83,43.1,NaN,1.8,1.5,0.3,9.1,9.5,30.6,13.6,14.9,0.91,6.7,24.5,11.7,39.2,NaN,29.9,NaN,2658,NaN,NaN,92,95.1,NaN,NaN
Seattle WA,NaN,43217,22792,8345,6167,1777,2133,NaN,1066,191,7840,2924,1690,846,397,NaN,20620,NaN,1500,0.93,0.7,NaN,2947,45,65,0.8,NaN,NaN,37.7,10.3,7.6,NaN,27.4,47,17.6,6.7,7.2,0.93,34.6,8.4,2.6,2,0.6,5.8,NaN,21,NaN,10,0.96,4.2,28.9,17.1,28.2,10.5,NaN,6.7,NaN,2041,273,88.5,93.9,87.9,87.9
Shreveport LA,4062,53054,NaN,6182,13758,2806,NaN,854,1636,516,7862,3472,1613,NaN,467,1620,NaN,NaN,995,0.98,1.12,0.88,3510,NaN,51,NaN,1.13,0.85,60.2,11.9,7.7,NaN,NaN,52.6,21.9,8.4,9.5,0.88,NaN,12.3,3,2,NaN,9.3,9.3,34.1,NaN,16.2,NaN,8.3,34.3,17.9,30,14.6,28.4,7.4,2584,2120,NaN,83,86.3,81.2,81.2
Sioux City IA,1799,NaN,18036,6541,4087,790,2723,NaN,903,NaN,6243,2188,NaN,474,NaN,NaN,16043,15.8,NaN,0.72,0.81,0.89,2326,45.7,51,NaN,0.75,0.85,43.4,NaN,4,NaN,33.1,37.4,18.2,4,10.8,0.37,37.1,NaN,2.2,0.9,NaN,6.8,6.9,21.6,6.4,NaN,0.47,2.5,25.3,NaN,NaN,15.9,18.1,5.8,1908,1678,230,92.3,96.5,89.6,89.6
Sioux Falls SD,4822,NaN,18271,6692,5531,NaN,1308,248,957,NaN,NaN,2113,1472,NaN,367,NaN,16323,15.4,1060,NaN,0.79,0.93,2276,NaN,50,0.62,0.74,0.84,NaN,7.4,5.4,NaN,34.8,50,15.5,4.1,8,0.52,36.2,NaN,1.7,1.3,0.4,6.8,9.2,20.8,6.3,13,NaN,2.7,26,11.2,19.3,7.7,16.8,5.6,1792,1549,243,92.5,95.9,87.9,87.9
Slidell LA,749,NaN,NaN,7116,NaN,3334,3562,1037,1904,286,9290,3548,NaN,803,397,2628,23270,23.6,987,1.05,1.2,0.87,3558,NaN,NaN,0.97,1.12,0.86,64.6,11.9,9.3,2.6,NaN,NaN,22.7,8.5,NaN,0.87,56.1,13.1,2.8,2.2,0.6,10.3,10.2,33,NaN,16.1,0.9,9.2,NaN,16.6,39.6,19.9,28,7.3,3131,2612,519,NaN,92.8,88.7,88.7
South Bend IN,3992,38099,NaN,7349,6611,1490,NaN,429,NaN,269,8017,2424,1640,609,430,NaN,16443,15.2,1082,NaN,0.78,0.95,2440,46.8,52,0.67,0.76,0.87,41.7,14.2,NaN,NaN,27.5,56.4,16.5,6.1,6.4,0.95,38.8,NaN,3.3,2,1.3,5.7,11,22.2,NaN,NaN,0.96,4.7,NaN,16.2,29.2,12.5,19.2,NaN,2418,2132,NaN,89.4,93.5,87.4,87.4
Spartanburg SC,NaN,39075,20148,5613,NaN,1741,3010,325,1399,152,6520,2602,1389,495,NaN,1651,17900,17.9,1001,0.8,0.91,0.88,NaN,52.3,50,NaN,NaN,0.83,49,NaN,6.7,10.6,31.7,46.7,17.2,6.6,6.8,0.97,NaN,10.6,NaN,1.8,NaN,NaN,NaN,24.8,11.3,10.9,1.04,4.7,32.2,NaN,36.7,18.2,31.3,7.8,NaN,1861,390,90.3,93.4,92.6,92.6
Spokane WA,6475,37278,18503,7763,5418,NaN,1554,679,1636,254,7305,2236,1759,785,446,2080,NaN,NaN,1321,0.75,0.65,NaN,2371,41.3,57,0.65,0.67,0.96,34.7,NaN,5.7,1.8,27.2,45.3,15.5,5.3,6.9,NaN,30.8,7.5,1.8,1.4,NaN,5.7,NaN,18.3,7.2,10,0.72,3.9,NaN,12.9,23.3,NaN,NaN,5.6,2305,1891,415,88,93.7,87.8,87.8
Springdale AR,2231,35774,18006,6111,5849,NaN,1905,649,NaN,280,NaN,2428,1631,NaN,NaN,NaN,NaN,17.1,936,0.72,0.87,0.82,2463,51.7,48,NaN,0.84,0.8,46.9,7.1,NaN,1.1,NaN,45.4,16.9,5.5,8.1,0.67,39.9,NaN,1.7,1.5,0.2,8.1,8.4,24.3,9.2,13.4,NaN,5.5,31.1,14.5,NaN,14.2,17.2,NaN,2348,2002,346,83.8,87.6,82.6,82.6
Springfield MA,3801,46216,23823,NaN,NaN,2023,1520,1329,NaN,283,8628,3575,NaN,717,NaN,2302,21222,16.8,1266,0.95,0.86,1.12,3585,53.3,NaN,NaN,0.87,1.12,45.9,6.8,NaN,0.5,39.1,70.9,19.7,6.8,8.7,NaN,NaN,9.9,1.8,1.7,0.1,8.1,NaN,25.4,9.9,13,0.76,NaN,29.9,NaN,22,8.2,33.6,8.2,2461,2252,NaN,90.5,93.3,92.7,92.7
Springfield IL,5934,37429,20877,NaN,5150,1313,1204,554,1222,NaN,7525,2558,NaN,561,NaN,2321,18456,18.4,1001,0.83,0.94,NaN,2722,52.1,NaN,NaN,NaN,0.87,50.5,11.2,7.4,3.8,39.3,56.5,NaN,6.1,7.7,0.79,44.4,10.8,2.6,1.7,0.8,8.2,NaN,25.1,10,NaN,0.77,NaN,32.6,15,22.1,7.9,20.4,6.3,2310,1990,NaN,90.9,94.3,86.6,86.6
Springfield MO,4893,36426,18805,6694,5100,1610,2720,178,1124,194,5875,2151,NaN,NaN,NaN,1270,16807,16.1,1042,0.76,0.82,0.92,2295,45,NaN,0.63,0.73,0.85,44.2,7.6,6.9,0.8,NaN,NaN,16.2,NaN,7.6,0.66,38.5,9.5,1.9,1.8,0.2,7.5,9.9,21,8,NaN,0.7,5.1,NaN,15.1,30.7,NaN,NaN,5.9,1870,NaN,298,88.3,92.7,NaN,NaN
St. Cloud MN,1058,35620,NaN,6694,NaN,NaN,1791,341,877,137,5763,2356,1468,570,330,1039,16258,13.8,NaN,0.73,0.7,1.04,2405,41.3,58,0.66,NaN,0.97,37.8,7.1,NaN,2.8,30.7,57.2,NaN,NaN,7,0.69,NaN,7.5,1.6,1.1,0.5,5.9,NaN,18.7,NaN,NaN,NaN,3.5,24.4,12,23.4,9.6,NaN,5.9,NaN,1442,218,90.6,95,85.8,85.8
St. Joseph MI,NaN,NaN,21646,NaN,6170,2098,NaN,NaN,NaN,106,8033,2808,1692,776,327,2431,19058,16.1,1186,0.86,0.82,1.04,2929,46.6,63,0.8,0.76,1.05,44,NaN,7.3,6.8,NaN,34.3,NaN,NaN,7.5,0.94,40.2,9.2,3.4,NaN,1.5,NaN,6.7,21.6,9.2,10.6,NaN,NaN,26.9,15.4,32.7,14.1,21.4,6.4,NaN,2151,321,85.2,89.2,84.1,84.1
St. Louis MO,16573,NaN,24485,7084,NaN,1862,1984,NaN,1108,289,8292,3166,1821,650,NaN,2204,21485,20.5,1047,NaN,1.05,0.92,3243,58.3,56,0.88,NaN,NaN,56.2,14.5,NaN,NaN,41.7,49,21.1,6.9,9.9,0.69,49.6,12.2,3.6,2.1,1.5,8.6,9.5,NaN,11.7,15.6,0.75,5.2,32.8,18.9,32.5,12.5,NaN,NaN,2492,2192,300,87.1,91.5,87.8,87.8
St. Paul MN,2937,38923,21250,6387,6231,956,2766,467,783,85,NaN,2407,1490,767,NaN,1963,NaN,14.1,1351,0.86,0.72,NaN,2437,43.8,56,0.66,0.71,0.93,38.7,7.8,6.9,0.9,30.9,50,NaN,NaN,7.8,0.66,NaN,8.2,NaN,1.7,0.2,6.3,9.6,20.9,7.8,11.9,0.66,NaN,NaN,14.3,32,13.4,NaN,7.2,NaN,1889,NaN,88.1,94.3,NaN,NaN
St. Petersburg FL,NaN,50210,24269,8765,NaN,2573,3990,651,NaN,356,12098,NaN,2460,NaN,596,3191,20054,NaN,1001,0.9,1.02,0.88,4912,NaN,63,1.34,1.26,NaN,54.9,25.3,9.4,15.9,29.6,67.8,NaN,12.1,11.5,1.06,52.2,NaN,6.4,NaN,3.8,NaN,12.6,NaN,21.8,17.3,1.26,6.6,31,24.6,33.3,18.6,38.8,8.8,3472,3152,320,84.8,89,NaN,NaN
Stockton CA,1436,45701,26196,NaN,7376,1401,1009,NaN,1476,138,8438,3152,1716,813,292,NaN,23672,16.2,1457,NaN,NaN,NaN,3165,53.3,59,0.86,0.87,0.99,NaN,14.2,NaN,6.9,30.3,62.4,18.5,NaN,8,NaN,40.6,9.9,3.4,2,1.4,6.5,12.1,25.5,12.4,11.6,1.07,3.6,33.9,NaN,17.9,NaN,17.9,6,2711,2311,400,90.9,NaN,92.4,92.4
Sun City AZ,1691,45315,NaN,8243,4227,1198,5152,567,NaN,NaN,10848,4178,NaN,1184,NaN,2151,21198,18.8,NaN,NaN,0.96,0.99,NaN,67.7,62,NaN,1.1,1.03,51.6,18.7,5.4,NaN,32.8,27.5,25.9,12.2,8.6,1.42,46.1,11.1,4.4,1.5,2.9,NaN,5.7,35,19,13.4,1.42,3.1,NaN,NaN,59,21.8,40.4,9.2,NaN,2749,243,82.3,90.9,76.6,76.6
Syracuse NY,6065,NaN,20080,6922,NaN,1533,1155,NaN,1304,NaN,8030,2732,1717,NaN,492,2192,17829,NaN,870,NaN,NaN,0.77,2742,50.8,54,0.75,0.83,NaN,56.1,8.5,NaN,NaN,47.6,NaN,17.4,6,7.5,0.81,47.8,NaN,2.2,1.9,NaN,10.2,9.9,24.3,10.4,11.9,0.87,5.9,36,16.3,19.2,7,26.9,7.2,2492,2157,335,86.4,91.5,83.2,83.2
Tacoma WA,2345,42042,21572,8055,5895,1615,NaN,889,1032,175,NaN,NaN,1750,NaN,366,NaN,19500,NaN,NaN,0.88,0.69,1.28,2790,42.9,NaN,0.76,0.7,1.09,NaN,NaN,5.2,9.6,22.1,47.6,16.8,6.6,6.7,0.99,NaN,8.1,3.5,1.4,2.2,NaN,9.6,19.7,8.8,9.2,0.96,4.1,27.1,20.3,32.1,NaN,NaN,6.9,2466,2189,NaN,86.1,93,86.8,86.8
Takoma Park MD,2553,NaN,36907,NaN,NaN,1903,NaN,248,1112,468,12313,5203,2492,1308,737,2573,32355,21.8,1485,1.46,1.11,1.31,5205,74.4,70,1.42,1.21,1.17,NaN,15.4,10.2,NaN,44.3,52.8,28.1,13.8,9.4,1.47,53.7,13.4,4.1,2.9,1.2,NaN,9.7,38.3,22,13.8,NaN,4.7,37.4,23.5,25.9,8.6,43,9.7,3520,NaN,302,NaN,88,86,86
Tallahassee FL,3676,NaN,NaN,5983,NaN,NaN,NaN,NaN,1624,NaN,6467,2856,1707,612,358,935,16497,NaN,1008,0.74,0.84,0.89,2899,50.3,58,NaN,0.82,0.96,NaN,9.9,7.3,2.7,NaN,46.2,18.3,6.4,8.2,NaN,39.7,9.7,2.6,1.9,0.7,7.1,8.9,23.5,9.6,12.1,0.79,5.9,30.4,16.3,39.2,18.8,17.7,5.9,2196,NaN,455,NaN,92.3,85.8,85.8
Tampa FL,3904,49006,24485,7628,7437,NaN,NaN,671,1528,367,10844,4772,2259,1067,NaN,2138,20327,20.2,1006,NaN,1.03,0.89,4785,78.3,NaN,1.3,1.28,NaN,55.3,20.6,10.3,10.3,34.7,58,27.4,12.2,10.3,1.18,51.8,12.4,5,2.6,NaN,7.4,10.6,42.1,22.7,NaN,1.37,6.7,30.3,NaN,42,20.3,42,NaN,3269,2862,NaN,84.1,NaN,NaN,NaN
Temple TX,NaN,40231,19961,5606,6436,1885,NaN,952,1250,200,6299,2595,1269,NaN,338,1633,18009,15.3,1176,0.81,0.78,1.04,2668,NaN,61,0.73,0.72,1.01,42,6.4,5.5,NaN,35.5,NaN,16,4.9,7.9,0.62,35.9,9,1.6,NaN,0.2,7.4,9.3,20.2,6.5,NaN,0.53,4.7,30.9,13.8,38.6,21.1,NaN,6,NaN,1717,338,NaN,NaN,NaN,NaN
Terre Haute IN,1305,41330,NaN,7354,7261,1149,1737,573,1496,321,8903,NaN,NaN,NaN,485,NaN,18681,18.5,1009,NaN,NaN,0.89,3120,59.2,53,0.85,0.97,0.88,NaN,NaN,NaN,10.6,31.8,59.5,20.2,8.7,7.8,1.12,47,11.1,NaN,NaN,2.2,NaN,11.5,29.4,14.5,13.2,1.1,NaN,36.3,23.4,20.2,10.2,27.6,7.1,2896,2480,416,85.9,90.1,76.3,76.3
Texarkana AR,1703,44410,22045,5674,9375,2867,1325,NaN,1725,328,7917,NaN,1710,644,436,NaN,NaN,20.8,936,0.87,NaN,0.82,2962,57.6,51,0.81,0.94,0.86,56.9,19.3,10.7,8.6,NaN,47.7,NaN,7.4,7.5,NaN,52.8,12,4.4,2.7,NaN,7.6,9.3,NaN,NaN,13.2,0.97,10.2,38.3,NaN,18.5,10.2,19.6,6.3,NaN,2159,488,89.1,NaN,84,84
Toledo OH,5262,NaN,23193,7700,NaN,1465,2535,635,1044,NaN,8710,NaN,1909,698,394,2393,20240,NaN,1182,0.91,NaN,1.04,3324,57.7,58,0.91,0.94,0.96,46.9,12.2,NaN,4.9,34.8,60.2,20.7,7.8,NaN,0.94,41.9,9.9,2.9,NaN,1,7,10.9,NaN,12.8,12.5,NaN,3.9,25.5,NaN,NaN,13.8,32.7,8,2630,2342,288,NaN,93.8,88.8,88.8
Topeka KS,2505,36731,18394,6752,6374,850,2747,NaN,1007,262,6661,2479,1722,564,NaN,NaN,16185,15.2,NaN,0.73,0.78,0.94,2603,47.8,54,0.71,0.78,NaN,41.7,5.3,NaN,0.8,NaN,39.5,16.8,4.9,8,0.61,34.8,8.8,NaN,1.2,0.2,7.4,7.8,23.2,8.1,13.2,0.61,NaN,NaN,12.1,36.1,14.1,NaN,6,1981,1722,259,89.6,NaN,83.5,83.5
Traverse City MI,1517,37480,19961,7415,4522,NaN,1685,NaN,1184,102,7315,2527,1731,592,NaN,NaN,17775,NaN,NaN,0.8,0.79,NaN,2723,45.1,60,0.74,0.74,1.01,NaN,NaN,4.8,7.7,30.2,48.6,NaN,NaN,8.5,0.61,37.5,8.6,NaN,1.2,1.4,6,8.6,19.7,6.5,11.7,NaN,5.7,27.6,16.8,29.4,11.1,22.7,6.4,NaN,1997,313,89.3,92.8,88.5,88.5
Tucson AZ,NaN,42297,NaN,7820,6245,1514,3814,NaN,1138,NaN,9208,3241,NaN,912,466,2515,18068,14.3,NaN,0.81,0.73,1.12,NaN,NaN,NaN,0.89,0.87,1.03,39.1,12.9,6.4,6.5,26.2,31.2,NaN,7.9,8.1,0.98,35.7,8.5,NaN,1.7,1.5,5.3,6.1,25.9,12.3,11.8,1.04,4,20.7,14.1,50.6,NaN,31,7.7,2713,NaN,293,88.5,92.9,88.3,88.3
Tulsa OK,6514,43759,21006,6427,6807,3007,3929,834,1434,315,NaN,2780,1558,694,457,2299,18520,19.4,957,0.83,NaN,0.84,2802,54.4,52,NaN,0.89,0.86,53,8.1,7,1.2,44.9,39,NaN,NaN,NaN,NaN,45.3,NaN,NaN,NaN,0.3,9,7.6,26.5,9.9,NaN,0.66,NaN,32,16.3,NaN,22.3,22.5,6.5,2401,2022,NaN,88.1,92.4,86.5,86.5
Tupelo MS,NaN,37179,19829,NaN,4159,NaN,NaN,NaN,1796,161,6268,NaN,NaN,NaN,338,1482,17546,22,796,0.79,1.12,0.7,2556,51.6,50,0.7,0.84,0.83,60.4,8.9,6.4,2.5,51.4,NaN,17.2,6,NaN,0.8,50.7,13.1,NaN,1.7,0.6,10.7,8.6,25.4,10.4,13.1,0.8,NaN,43.3,19.3,NaN,12.1,NaN,6.2,2231,1732,499,89.3,94.2,87.9,87.9
Tuscaloosa AL,1457,41886,24251,NaN,4641,NaN,1992,985,1387,245,NaN,3296,NaN,834,396,NaN,NaN,25,840,NaN,1.27,0.74,3316,66,50,0.9,1.08,0.84,68.4,10.9,10.3,NaN,57.5,57.4,NaN,NaN,NaN,NaN,59.2,14.2,2.8,2.7,0.1,NaN,9.6,NaN,12.5,16.2,0.77,9.1,41.3,18.8,24.7,13.3,28.5,7.4,2529,2135,394,83.7,88,78.5,78.5
Tyler TX,NaN,46521,22955,NaN,8020,3088,2125,286,NaN,NaN,8630,3173,2037,823,NaN,NaN,20248,18.3,NaN,0.91,0.94,0.97,NaN,54.6,NaN,NaN,0.89,0.98,50.2,17.1,8.5,8.6,33.1,55.2,20.5,8,8.4,0.96,46.1,10.7,4.2,2.2,2,6.6,10.2,26,12,12.1,1,9,31,17.9,33.6,NaN,23.7,6.8,2756,NaN,NaN,85,91.5,86.4,86.4
United States US,NaN,NaN,25376,7257,6862,2262,NaN,755,NaN,261,NaN,3630,1895,NaN,483,2236,22237,19.6,1135,1,1,1,3668,61.3,60,1,1,NaN,53.7,14.1,8.2,5.8,39.6,52.9,21.7,8.5,9,0.94,47.9,11.6,3.4,NaN,1.3,8.2,NaN,30.5,14.4,13.9,NaN,NaN,31.7,18.3,NaN,12.5,NaN,7.8,2762,2413,349,NaN,92.2,86.4,86.4
Urbana IL,NaN,35812,19726,6224,5599,1110,1440,453,1097,165,6579,2477,NaN,617,407,1547,NaN,15.6,NaN,0.79,0.79,0.99,2628,NaN,57,0.72,0.76,NaN,42.6,7,4.7,2.3,35.6,57.8,NaN,6.2,NaN,0.89,NaN,9.1,1.7,NaN,0.5,NaN,NaN,21.6,9.5,NaN,0.92,3,NaN,13.1,NaN,9.3,18,5.9,2050,1747,303,90.5,94.1,91.1,91.1
Ventura CA,2002,56851,31778,10006,7102,NaN,2528,867,NaN,360,NaN,5315,2978,1192,715,3115,27366,21,1302,1.23,1.07,1.15,5320,80,66,NaN,NaN,1.11,NaN,22.2,NaN,11.4,NaN,53.8,NaN,14.7,9.1,1.61,NaN,12.7,5.5,3,2.6,7.2,NaN,NaN,25.7,12.7,2.02,5.7,30.8,19.5,31.6,11.8,34.8,NaN,NaN,3430,414,84.7,90.7,89.7,89.7
Victoria TX,945,NaN,24219,7008,NaN,2552,NaN,726,1531,567,8365,3585,1659,643,552,1926,NaN,22.2,948,0.95,NaN,0.84,3889,66.4,59,1.06,1.08,NaN,60.8,14.7,7.6,7.1,NaN,61.8,22.3,NaN,NaN,0.77,53,12.2,3.4,1.9,1.5,8.8,10.9,NaN,NaN,16.6,0.84,7.3,34.6,19.7,28,12.6,20.3,6.3,2721,2314,406,91.3,NaN,88.5,88.5
Waco TX,1834,36198,18750,6309,5197,NaN,2029,556,NaN,364,7057,2409,1541,718,499,1891,16681,14.7,1133,0.75,0.75,NaN,NaN,44.3,58,NaN,0.72,0.98,40.4,8.7,6.1,2.6,31.6,47.5,16.1,6,6.6,0.91,35.5,NaN,NaN,NaN,0.6,6.6,8.8,21.4,9.4,NaN,0.89,4.9,26.2,14.1,NaN,12.9,18.9,6,2236,1857,379,83.7,90.7,NaN,NaN
Washington DC,9059,NaN,31553,NaN,6374,1636,1506,410,NaN,318,10094,4329,NaN,1067,546,NaN,27645,21.1,1310,1.24,NaN,1.15,4335,NaN,67,NaN,1.05,1.12,57.8,NaN,8.6,3.7,45.5,48.9,24.7,10.6,9.2,NaN,50.7,13.1,3.3,2.4,0.9,9.8,9.5,33.2,17,13.6,NaN,4.2,35.6,20.5,25,9.1,36.7,NaN,3031,NaN,NaN,85.3,90.6,86.6,86.6
Waterloo IA,1219,35164,18149,7394,4557,NaN,NaN,274,927,NaN,5989,2322,1488,NaN,265,NaN,16184,13.7,1178,0.73,0.7,1.04,NaN,42.9,56,0.65,0.7,0.93,37.7,5.6,NaN,0.4,32.1,40.3,17.9,6.7,7.4,0.9,32.2,NaN,NaN,NaN,NaN,6.4,8.1,19.4,6.2,11.6,0.54,2.7,NaN,12,38.4,NaN,19.8,6.1,1776,1536,240,92.1,93.7,88.8,88.8
Wausau WI,1129,35446,18436,NaN,4915,945,2422,254,NaN,NaN,NaN,2293,1519,610,413,2472,16489,14.3,1152,0.74,0.73,NaN,2302,43.6,53,0.63,NaN,NaN,39.2,8.7,7,1.7,30.5,48.8,15.5,5.6,6.5,0.86,NaN,8.2,2,NaN,NaN,6.2,8.3,NaN,NaN,10.6,0.77,NaN,23.7,12.5,NaN,12.3,19.8,6.3,2167,1949,219,92.2,94.8,89.4,89.4
White Plains NY,NaN,59501,35804,8288,9155,NaN,1662,837,962,415,12781,5826,2438,1162,757,2598,31010,28.3,1097,1.39,NaN,0.97,5833,83.1,70,NaN,1.36,1.17,77.5,NaN,NaN,NaN,64.1,NaN,29.2,11.5,12.8,0.9,NaN,NaN,3.4,2.9,0.5,13.8,NaN,NaN,20.9,18.8,1.11,6.1,41.6,21.1,NaN,7.2,41,NaN,3585,3333,251,86.6,93.5,85.4,85.4
Wichita KS,NaN,39458,20583,7840,5818,939,2423,NaN,1164,226,8086,2506,1761,753,458,2608,18281,17.7,NaN,0.82,NaN,0.91,2712,50.4,54,0.74,0.82,0.9,48.6,7.1,NaN,NaN,41.5,NaN,NaN,5,NaN,0.6,NaN,10.1,1.8,NaN,0.2,NaN,7.5,NaN,8.4,13.4,0.63,3,29.8,14.8,30,13,16.5,5.7,2364,NaN,299,84.1,91.9,76.8,76.8
Wichita Falls TX,1478,42195,NaN,6868,NaN,3309,1979,538,1563,196,NaN,2979,NaN,714,375,2358,15363,16.7,918,NaN,0.85,0.81,3088,57.1,54,0.84,NaN,0.9,45.8,12.6,6.5,6.1,33.2,56.8,18.8,6.7,8.4,0.8,40.8,9.8,2.7,1.5,1.2,7.1,NaN,26.9,11,14,0.78,12.6,28.4,13.8,NaN,10.1,NaN,5.8,2561,2142,418,NaN,90.7,NaN,NaN
Wilkes-Barre PA,2085,43386,NaN,7105,9815,NaN,1936,752,1027,143,9562,3902,2057,NaN,359,NaN,NaN,19,NaN,0.72,0.97,0.74,3908,70.7,55,1.07,1.15,0.92,NaN,11.9,5.5,6.4,40.3,58.3,23.2,NaN,9.5,1,44.8,NaN,2.8,1.5,NaN,8.3,NaN,34.9,16.8,16,1.05,9.6,27.6,15.8,35.8,9.8,NaN,NaN,2742,2470,272,91.2,93.7,87.6,87.6
Wilmington DE,3669,NaN,27322,7313,6149,2149,2545,NaN,1149,NaN,9893,4231,2068,NaN,486,2084,23626,21.3,NaN,NaN,1.09,0.98,4235,70.7,60,1.15,NaN,NaN,58.4,15,6.8,8.2,NaN,49.6,24.2,9.9,NaN,1.04,50.9,12.9,NaN,NaN,1.8,9.3,9,36.4,17.8,15.9,1.12,6,NaN,19.4,35.2,14.2,41.7,9.7,2966,2655,311,88,NaN,NaN,NaN
Wilmington NC,2189,NaN,22907,7984,5387,2059,2098,821,1669,266,8532,3209,1900,NaN,NaN,2114,20178,NaN,1042,0.91,0.99,0.92,NaN,57.9,NaN,0.89,0.94,NaN,53,8.7,6.4,2.3,44.4,60.9,20.6,6.9,NaN,NaN,45.2,NaN,NaN,1.7,0.5,NaN,10.9,26.9,10.5,13.6,NaN,6.1,NaN,15.3,33.6,NaN,29.1,7.8,2843,2374,469,84.1,89.2,79.6,79.6
Winchester VA,NaN,37335,22094,5604,4486,1539,2079,346,999,188,6174,NaN,1381,503,359,1414,19879,18.4,1080,0.89,NaN,0.95,2574,NaN,53,0.7,0.79,NaN,50.4,7,5.6,1.5,NaN,44.9,17.7,5.2,NaN,0.59,42.4,10.9,1.8,NaN,0.3,9,NaN,22.9,NaN,13.5,0.57,4.2,32.5,14.6,30.3,13.2,21.5,NaN,2030,1751,NaN,83.9,88.5,78.4,78.4
Winston-Salem NC,5381,NaN,22244,6584,5164,1882,2131,NaN,1359,NaN,7258,2802,1496,675,452,NaN,19805,19.9,997,0.89,1.01,NaN,2825,51.1,55,0.77,0.83,NaN,54.4,NaN,10.2,2.6,41.7,NaN,18,6.9,7.2,0.96,49.1,NaN,3.2,2.6,0.7,8.7,9.5,24.6,NaN,NaN,0.99,5.5,35.9,NaN,26.5,11.4,26.2,7.1,2294,1929,365,89.6,94.4,86.4,86.4
Worcester MA,2367,56080,29281,7116,11706,NaN,1241,2428,NaN,224,9144,NaN,1492,721,465,2844,26601,NaN,1481,1.2,0.92,1.3,NaN,52.2,69,0.99,NaN,1.16,49.2,7.9,7.5,0.4,41.3,71.1,NaN,7.7,NaN,0.96,NaN,10.7,NaN,NaN,0.1,8.6,14,24.4,NaN,12,0.86,9,NaN,16.2,18.2,6.6,33.6,8.2,2618,2347,271,86,92.3,87.7,87.7
Yakima WA,1270,34705,NaN,7660,3792,1214,2200,652,1060,308,NaN,NaN,1572,712,427,2056,16263,11,1482,0.73,0.56,NaN,2295,39.4,58,NaN,0.64,0.97,30.1,NaN,6.7,2.3,21.1,33.2,14.5,5.1,6.5,NaN,28.1,6.4,2.1,NaN,0.5,4.3,6.7,NaN,7,8.9,0.78,3.4,23.6,NaN,31.7,12.3,NaN,NaN,2181,1901,NaN,89.3,95.1,84,84
York PA,2248,38980,NaN,NaN,7062,1401,1852,547,1045,NaN,8370,2870,1775,731,253,2742,17403,16.3,1071,0.78,0.83,0.94,NaN,51.3,56,0.78,NaN,NaN,44.5,NaN,5.4,4.7,NaN,54.6,18.4,5.3,NaN,NaN,38.6,9.5,2.3,1.3,NaN,7.2,11.2,23,7.4,13.6,0.54,4.8,27.1,13.8,NaN,NaN,25.8,7,2509,2239,270,86.8,91.9,NaN,NaN
Youngstown OH,4369,45946,24963,6701,8635,1733,1248,1165,1289,211,9043,4041,1797,780,411,2014,21436,NaN,NaN,NaN,1.02,NaN,4055,71.5,57,1.11,1.17,0.95,54.5,11.9,NaN,2.5,NaN,58.4,24.5,8.8,10.9,NaN,48.6,11.9,3,2.5,0.5,NaN,11.6,36.4,15.6,17.9,0.87,5.1,NaN,17.7,20.4,8.3,NaN,NaN,2740,2396,NaN,NaN,91.1,88.6,88.6
